-- phpMyAdmin SQL Dump
-- version 5.2.0
-- https://www.phpmyadmin.net/
--
-- Host: localhost:3306
-- Generation Time: Jun 30, 2025 at 01:18 AM
-- Server version: 8.0.30
-- PHP Version: 8.3.21

SET SQL_MODE = "NO_AUTO_VALUE_ON_ZERO";
START TRANSACTION;
SET time_zone = "+00:00";


/*!40101 SET @OLD_CHARACTER_SET_CLIENT=@@CHARACTER_SET_CLIENT */;
/*!40101 SET @OLD_CHARACTER_SET_RESULTS=@@CHARACTER_SET_RESULTS */;
/*!40101 SET @OLD_COLLATION_CONNECTION=@@COLLATION_CONNECTION */;
/*!40101 SET NAMES utf8mb4 */;

--
-- Database: `sistem_penilaian`
--

-- --------------------------------------------------------

--
-- Table structure for table `bobot_ahp`
--

CREATE TABLE `bobot_ahp` (
  `id` int NOT NULL,
  `nama_kriteria` varchar(50) NOT NULL,
  `bobot` decimal(8,6) NOT NULL,
  `created_at` timestamp NULL DEFAULT CURRENT_TIMESTAMP
) ENGINE=InnoDB DEFAULT CHARSET=utf8mb4 COLLATE=utf8mb4_0900_ai_ci;

--
-- Dumping data for table `bobot_ahp`
--

INSERT INTO `bobot_ahp` (`id`, `nama_kriteria`, `bobot`, `created_at`) VALUES
(475, 'kehadiran', '0.238248', '2025-06-21 08:20:26'),
(476, 'komunikasi', '0.172014', '2025-06-21 08:20:26'),
(477, 'tanggung_jawab', '0.191469', '2025-06-21 08:20:26'),
(478, 'kerja_sama', '0.139424', '2025-06-21 08:20:26'),
(479, 'prestasi', '0.140205', '2025-06-21 08:20:26'),
(480, 'inisiatif', '0.118640', '2025-06-21 08:20:26');

-- --------------------------------------------------------

--
-- Table structure for table `bobot_alternatif`
--

CREATE TABLE `bobot_alternatif` (
  `id` int NOT NULL,
  `kriteria` varchar(50) NOT NULL,
  `id_karyawan` int NOT NULL,
  `bobot` decimal(8,6) NOT NULL,
  `created_at` timestamp NULL DEFAULT CURRENT_TIMESTAMP
) ENGINE=InnoDB DEFAULT CHARSET=utf8mb4 COLLATE=utf8mb4_0900_ai_ci;

--
-- Dumping data for table `bobot_alternatif`
--

INSERT INTO `bobot_alternatif` (`id`, `kriteria`, `id_karyawan`, `bobot`, `created_at`) VALUES
(661, 'kehadiran', 5, '0.043695', '2025-06-21 10:33:21'),
(662, 'kehadiran', 17, '0.043695', '2025-06-21 10:33:21'),
(663, 'kehadiran', 18, '0.043695', '2025-06-21 10:33:21'),
(664, 'kehadiran', 6, '0.043695', '2025-06-21 10:33:21'),
(665, 'kehadiran', 19, '0.043695', '2025-06-21 10:33:21'),
(666, 'kehadiran', 1, '0.161137', '2025-06-21 10:33:21'),
(667, 'kehadiran', 7, '0.039103', '2025-06-21 10:33:21'),
(668, 'kehadiran', 20, '0.038759', '2025-06-21 10:33:21'),
(669, 'kehadiran', 8, '0.038759', '2025-06-21 10:33:21'),
(670, 'kehadiran', 2, '0.111274', '2025-06-21 10:33:21'),
(671, 'kehadiran', 9, '0.035535', '2025-06-21 10:33:21'),
(672, 'kehadiran', 10, '0.036691', '2025-06-21 10:33:21'),
(673, 'kehadiran', 11, '0.036725', '2025-06-21 10:33:21'),
(674, 'kehadiran', 12, '0.035920', '2025-06-21 10:33:21'),
(675, 'kehadiran', 13, '0.035535', '2025-06-21 10:33:21'),
(676, 'kehadiran', 3, '0.057559', '2025-06-21 10:33:21'),
(677, 'kehadiran', 14, '0.034867', '2025-06-21 10:33:21'),
(678, 'kehadiran', 4, '0.053420', '2025-06-21 10:33:21'),
(679, 'kehadiran', 15, '0.033316', '2025-06-21 10:33:21'),
(680, 'kehadiran', 16, '0.032924', '2025-06-21 10:33:21'),
(761, 'komunikasi', 5, '0.045597', '2025-06-21 10:34:13'),
(762, 'komunikasi', 17, '0.045597', '2025-06-21 10:34:13'),
(763, 'komunikasi', 18, '0.045597', '2025-06-21 10:34:13'),
(764, 'komunikasi', 6, '0.045597', '2025-06-21 10:34:13'),
(765, 'komunikasi', 19, '0.045597', '2025-06-21 10:34:13'),
(766, 'komunikasi', 1, '0.119311', '2025-06-21 10:34:13'),
(767, 'komunikasi', 7, '0.045597', '2025-06-21 10:34:13'),
(768, 'komunikasi', 20, '0.042098', '2025-06-21 10:34:13'),
(769, 'komunikasi', 8, '0.042871', '2025-06-21 10:34:13'),
(770, 'komunikasi', 2, '0.119687', '2025-06-21 10:34:13'),
(771, 'komunikasi', 9, '0.039207', '2025-06-21 10:34:13'),
(772, 'komunikasi', 10, '0.038728', '2025-06-21 10:34:13'),
(773, 'komunikasi', 11, '0.042109', '2025-06-21 10:34:13'),
(774, 'komunikasi', 12, '0.045597', '2025-06-21 10:34:13'),
(775, 'komunikasi', 13, '0.040245', '2025-06-21 10:34:13'),
(776, 'komunikasi', 3, '0.040937', '2025-06-21 10:34:13'),
(777, 'komunikasi', 14, '0.039207', '2025-06-21 10:34:13'),
(778, 'komunikasi', 4, '0.039207', '2025-06-21 10:34:13'),
(779, 'komunikasi', 15, '0.038728', '2025-06-21 10:34:13'),
(780, 'komunikasi', 16, '0.038488', '2025-06-21 10:34:13'),
(801, 'tanggung_jawab', 5, '0.044462', '2025-06-21 10:34:38'),
(802, 'tanggung_jawab', 17, '0.044462', '2025-06-21 10:34:38'),
(803, 'tanggung_jawab', 18, '0.044462', '2025-06-21 10:34:38'),
(804, 'tanggung_jawab', 6, '0.044462', '2025-06-21 10:34:38'),
(805, 'tanggung_jawab', 19, '0.044462', '2025-06-21 10:34:38'),
(806, 'tanggung_jawab', 1, '0.125196', '2025-06-21 10:34:38'),
(807, 'tanggung_jawab', 7, '0.041335', '2025-06-21 10:34:38'),
(808, 'tanggung_jawab', 20, '0.044462', '2025-06-21 10:34:38'),
(809, 'tanggung_jawab', 8, '0.041100', '2025-06-21 10:34:38'),
(810, 'tanggung_jawab', 2, '0.121138', '2025-06-21 10:34:38'),
(811, 'tanggung_jawab', 9, '0.042076', '2025-06-21 10:34:38'),
(812, 'tanggung_jawab', 10, '0.041897', '2025-06-21 10:34:38'),
(813, 'tanggung_jawab', 11, '0.039188', '2025-06-21 10:34:38'),
(814, 'tanggung_jawab', 12, '0.041335', '2025-06-21 10:34:38'),
(815, 'tanggung_jawab', 13, '0.039102', '2025-06-21 10:34:38'),
(816, 'tanggung_jawab', 3, '0.039102', '2025-06-21 10:34:38'),
(817, 'tanggung_jawab', 14, '0.042076', '2025-06-21 10:34:38'),
(818, 'tanggung_jawab', 4, '0.038597', '2025-06-21 10:34:38'),
(819, 'tanggung_jawab', 15, '0.041897', '2025-06-21 10:34:38'),
(820, 'tanggung_jawab', 16, '0.039188', '2025-06-21 10:34:38'),
(841, 'kerja_sama', 5, '0.044432', '2025-06-21 10:35:03'),
(842, 'kerja_sama', 17, '0.044432', '2025-06-21 10:35:03'),
(843, 'kerja_sama', 18, '0.044432', '2025-06-21 10:35:03'),
(844, 'kerja_sama', 6, '0.044432', '2025-06-21 10:35:03'),
(845, 'kerja_sama', 19, '0.044432', '2025-06-21 10:35:03'),
(846, 'kerja_sama', 1, '0.121974', '2025-06-21 10:35:03'),
(847, 'kerja_sama', 7, '0.041104', '2025-06-21 10:35:03'),
(848, 'kerja_sama', 20, '0.041839', '2025-06-21 10:35:03'),
(849, 'kerja_sama', 8, '0.040987', '2025-06-21 10:35:03'),
(850, 'kerja_sama', 2, '0.121623', '2025-06-21 10:35:03'),
(851, 'kerja_sama', 9, '0.042299', '2025-06-21 10:35:03'),
(852, 'kerja_sama', 10, '0.039547', '2025-06-21 10:35:03'),
(853, 'kerja_sama', 11, '0.038964', '2025-06-21 10:35:03'),
(854, 'kerja_sama', 12, '0.041104', '2025-06-21 10:35:03'),
(855, 'kerja_sama', 13, '0.042646', '2025-06-21 10:35:03'),
(856, 'kerja_sama', 3, '0.042646', '2025-06-21 10:35:03'),
(857, 'kerja_sama', 14, '0.042299', '2025-06-21 10:35:03'),
(858, 'kerja_sama', 4, '0.042299', '2025-06-21 10:35:03'),
(859, 'kerja_sama', 15, '0.039547', '2025-06-21 10:35:03'),
(860, 'kerja_sama', 16, '0.038964', '2025-06-21 10:35:03'),
(881, 'prestasi', 5, '0.044831', '2025-06-21 10:35:34'),
(882, 'prestasi', 17, '0.044831', '2025-06-21 10:35:34'),
(883, 'prestasi', 18, '0.044831', '2025-06-21 10:35:34'),
(884, 'prestasi', 6, '0.044831', '2025-06-21 10:35:34'),
(885, 'prestasi', 19, '0.044831', '2025-06-21 10:35:34'),
(886, 'prestasi', 1, '0.147431', '2025-06-21 10:35:34'),
(887, 'prestasi', 7, '0.040858', '2025-06-21 10:35:34'),
(888, 'prestasi', 20, '0.041260', '2025-06-21 10:35:34'),
(889, 'prestasi', 8, '0.044831', '2025-06-21 10:35:34'),
(890, 'prestasi', 2, '0.093026', '2025-06-21 10:35:34'),
(891, 'prestasi', 9, '0.040066', '2025-06-21 10:35:34'),
(892, 'prestasi', 10, '0.039352', '2025-06-21 10:35:34'),
(893, 'prestasi', 11, '0.040992', '2025-06-21 10:35:34'),
(894, 'prestasi', 12, '0.040858', '2025-06-21 10:35:34'),
(895, 'prestasi', 13, '0.043345', '2025-06-21 10:35:34'),
(896, 'prestasi', 3, '0.043345', '2025-06-21 10:35:34'),
(897, 'prestasi', 14, '0.040066', '2025-06-21 10:35:34'),
(898, 'prestasi', 4, '0.040066', '2025-06-21 10:35:34'),
(899, 'prestasi', 15, '0.039352', '2025-06-21 10:35:34'),
(900, 'prestasi', 16, '0.040992', '2025-06-21 10:35:34'),
(921, 'inisiatif', 5, '0.045951', '2025-06-21 10:36:29'),
(922, 'inisiatif', 17, '0.045951', '2025-06-21 10:36:29'),
(923, 'inisiatif', 18, '0.045951', '2025-06-21 10:36:29'),
(924, 'inisiatif', 6, '0.045951', '2025-06-21 10:36:29'),
(925, 'inisiatif', 19, '0.045951', '2025-06-21 10:36:29'),
(926, 'inisiatif', 1, '0.137644', '2025-06-21 10:36:29'),
(927, 'inisiatif', 7, '0.045951', '2025-06-21 10:36:29'),
(928, 'inisiatif', 20, '0.042122', '2025-06-21 10:36:29'),
(929, 'inisiatif', 8, '0.042968', '2025-06-21 10:36:29'),
(930, 'inisiatif', 2, '0.086543', '2025-06-21 10:36:29'),
(931, 'inisiatif', 9, '0.039899', '2025-06-21 10:36:29'),
(932, 'inisiatif', 10, '0.039445', '2025-06-21 10:36:29'),
(933, 'inisiatif', 11, '0.039218', '2025-06-21 10:36:29'),
(934, 'inisiatif', 12, '0.045951', '2025-06-21 10:36:29'),
(935, 'inisiatif', 13, '0.042968', '2025-06-21 10:36:29'),
(936, 'inisiatif', 3, '0.042968', '2025-06-21 10:36:29'),
(937, 'inisiatif', 14, '0.042390', '2025-06-21 10:36:29'),
(938, 'inisiatif', 4, '0.042390', '2025-06-21 10:36:29'),
(939, 'inisiatif', 15, '0.040566', '2025-06-21 10:36:29'),
(940, 'inisiatif', 16, '0.039218', '2025-06-21 10:36:29');

-- --------------------------------------------------------

--
-- Table structure for table `bobot_kriteria`
--

CREATE TABLE `bobot_kriteria` (
  `id` int NOT NULL,
  `nama_kriteria` varchar(50) NOT NULL,
  `bobot` int NOT NULL,
  `created_at` timestamp NULL DEFAULT CURRENT_TIMESTAMP
) ENGINE=InnoDB DEFAULT CHARSET=utf8mb4 COLLATE=utf8mb4_0900_ai_ci;

--
-- Dumping data for table `bobot_kriteria`
--

INSERT INTO `bobot_kriteria` (`id`, `nama_kriteria`, `bobot`, `created_at`) VALUES
(1, 'kehadiran', 30, '2025-06-20 02:16:57'),
(2, 'komunikasi', 10, '2025-06-20 02:16:57'),
(3, 'tanggung_jawab', 20, '2025-06-20 02:16:57'),
(4, 'kerja_sama', 10, '2025-06-20 02:16:57'),
(5, 'prestasi', 20, '2025-06-20 02:16:57'),
(6, 'inisiatif', 10, '2025-06-20 02:16:57');

-- --------------------------------------------------------

--
-- Table structure for table `karyawan`
--

CREATE TABLE `karyawan` (
  `id` int NOT NULL,
  `no_urut` int NOT NULL,
  `nama` varchar(100) NOT NULL,
  `kehadiran` decimal(5,2) NOT NULL DEFAULT '0.00',
  `komunikasi` decimal(5,2) NOT NULL DEFAULT '0.00',
  `tanggung_jawab` decimal(5,2) NOT NULL DEFAULT '0.00',
  `kerja_sama` decimal(5,2) NOT NULL DEFAULT '0.00',
  `prestasi` decimal(5,2) NOT NULL DEFAULT '0.00',
  `inisiatif` decimal(5,2) NOT NULL DEFAULT '0.00',
  `nilai_akhir` decimal(5,2) NOT NULL DEFAULT '0.00',
  `created_at` timestamp NULL DEFAULT CURRENT_TIMESTAMP,
  `updated_at` timestamp NULL DEFAULT CURRENT_TIMESTAMP ON UPDATE CURRENT_TIMESTAMP
) ENGINE=InnoDB DEFAULT CHARSET=utf8mb4 COLLATE=utf8mb4_0900_ai_ci;

--
-- Dumping data for table `karyawan`
--

INSERT INTO `karyawan` (`id`, `no_urut`, `nama`, `kehadiran`, `komunikasi`, `tanggung_jawab`, `kerja_sama`, `prestasi`, `inisiatif`, `nilai_akhir`, `created_at`, `updated_at`) VALUES
(1, 1, 'Elvina', '76.00', '76.89', '76.84', '76.35', '76.39', '77.32', '76.57', '2025-06-20 02:16:57', '2025-06-22 15:34:10'),
(2, 2, 'Intan', '77.08', '76.70', '77.42', '77.13', '77.04', '76.79', '77.05', '2025-06-20 02:16:57', '2025-06-22 15:34:10'),
(3, 3, 'Rabiah', '76.72', '76.90', '77.03', '76.80', '76.74', '77.37', '76.90', '2025-06-20 02:16:57', '2025-06-22 15:34:10'),
(4, 4, 'Rezhiawan', '76.00', '77.07', '77.46', '76.86', '77.39', '76.98', '77.37', '2025-06-20 02:16:57', '2025-06-23 00:25:03'),
(5, 5, 'Achmad', '76.65', '76.97', '76.25', '77.23', '77.51', '77.46', '76.93', '2025-06-20 02:16:57', '2025-06-22 15:34:10'),
(6, 6, 'Bagas', '76.65', '76.97', '76.25', '77.23', '77.51', '77.46', '76.93', '2025-06-20 02:16:57', '2025-06-22 15:34:10'),
(7, 7, 'Fakhri', '76.65', '76.97', '76.25', '77.23', '77.51', '77.46', '76.93', '2025-06-20 02:16:57', '2025-06-22 15:34:10'),
(8, 8, 'Helmi', '76.65', '76.97', '76.25', '77.23', '77.51', '77.46', '76.93', '2025-06-20 02:16:57', '2025-06-22 15:34:10'),
(9, 9, 'Juminda', '76.65', '76.97', '76.25', '77.23', '77.51', '77.46', '76.93', '2025-06-20 02:16:57', '2025-06-22 15:34:10'),
(10, 10, 'Kristina', '76.65', '76.97', '76.25', '77.23', '77.51', '77.46', '76.93', '2025-06-20 02:16:57', '2025-06-22 15:34:10'),
(11, 11, 'Madila', '76.65', '76.97', '76.25', '77.23', '77.51', '77.46', '76.93', '2025-06-20 02:16:57', '2025-06-22 15:34:10'),
(12, 12, 'Nadya', '76.65', '76.97', '76.25', '77.23', '77.51', '77.46', '76.93', '2025-06-20 02:16:57', '2025-06-22 15:34:10'),
(13, 13, 'Nopa', '76.65', '76.97', '76.25', '77.23', '77.51', '77.46', '76.93', '2025-06-20 02:16:57', '2025-06-22 15:34:10'),
(14, 14, 'Rahma', '76.65', '76.97', '76.25', '77.23', '77.51', '77.46', '76.93', '2025-06-20 02:16:57', '2025-06-22 15:34:10'),
(15, 15, 'Riska', '76.65', '76.97', '76.25', '77.23', '77.51', '77.46', '76.93', '2025-06-20 02:16:57', '2025-06-22 15:34:10'),
(16, 16, 'Salfaha', '76.65', '76.97', '76.25', '77.23', '77.51', '77.46', '76.93', '2025-06-20 02:16:57', '2025-06-22 15:34:10'),
(17, 17, 'Adittya', '76.65', '76.97', '76.25', '77.23', '77.51', '77.46', '76.93', '2025-06-20 02:16:57', '2025-06-22 15:34:10'),
(18, 18, 'Andreana', '76.65', '76.97', '76.25', '77.23', '77.51', '77.46', '76.93', '2025-06-20 02:16:57', '2025-06-22 15:34:10'),
(19, 19, 'Dimas', '76.65', '76.97', '76.25', '77.23', '77.51', '77.46', '76.93', '2025-06-20 02:16:57', '2025-06-22 15:34:10'),
(20, 20, 'Ferry', '76.65', '76.97', '76.25', '77.23', '77.51', '77.46', '76.93', '2025-06-20 02:16:57', '2025-06-22 15:34:10');

-- --------------------------------------------------------

--
-- Table structure for table `pairwise_alternatif`
--

CREATE TABLE `pairwise_alternatif` (
  `id` int NOT NULL,
  `kriteria` varchar(50) NOT NULL,
  `karyawan1` int NOT NULL,
  `karyawan2` int NOT NULL,
  `nilai` decimal(5,2) NOT NULL,
  `created_at` timestamp NULL DEFAULT CURRENT_TIMESTAMP
) ENGINE=InnoDB DEFAULT CHARSET=utf8mb4 COLLATE=utf8mb4_0900_ai_ci;

--
-- Dumping data for table `pairwise_alternatif`
--

INSERT INTO `pairwise_alternatif` (`id`, `kriteria`, `karyawan1`, `karyawan2`, `nilai`, `created_at`) VALUES
(1699, 'kehadiran', 5, 17, '1.00', '2025-06-21 10:31:36'),
(1700, 'kehadiran', 17, 5, '1.00', '2025-06-21 10:31:36'),
(1701, 'kehadiran', 5, 18, '1.00', '2025-06-21 10:31:36'),
(1702, 'kehadiran', 18, 5, '1.00', '2025-06-21 10:31:36'),
(1703, 'kehadiran', 5, 6, '1.00', '2025-06-21 10:31:36'),
(1704, 'kehadiran', 6, 5, '1.00', '2025-06-21 10:31:36'),
(1705, 'kehadiran', 5, 19, '1.00', '2025-06-21 10:31:36'),
(1706, 'kehadiran', 19, 5, '1.00', '2025-06-21 10:31:36'),
(1707, 'kehadiran', 5, 1, '1.00', '2025-06-21 10:31:36'),
(1708, 'kehadiran', 1, 5, '1.00', '2025-06-21 10:31:36'),
(1709, 'kehadiran', 5, 7, '1.00', '2025-06-21 10:31:36'),
(1710, 'kehadiran', 7, 5, '1.00', '2025-06-21 10:31:36'),
(1711, 'kehadiran', 5, 20, '1.00', '2025-06-21 10:31:36'),
(1712, 'kehadiran', 20, 5, '1.00', '2025-06-21 10:31:36'),
(1713, 'kehadiran', 5, 8, '1.00', '2025-06-21 10:31:36'),
(1714, 'kehadiran', 8, 5, '1.00', '2025-06-21 10:31:36'),
(1715, 'kehadiran', 5, 2, '1.00', '2025-06-21 10:31:36'),
(1716, 'kehadiran', 2, 5, '1.00', '2025-06-21 10:31:36'),
(1717, 'kehadiran', 5, 9, '1.00', '2025-06-21 10:31:36'),
(1718, 'kehadiran', 9, 5, '1.00', '2025-06-21 10:31:36'),
(1719, 'kehadiran', 5, 10, '1.00', '2025-06-21 10:31:36'),
(1720, 'kehadiran', 10, 5, '1.00', '2025-06-21 10:31:36'),
(1721, 'kehadiran', 5, 11, '1.00', '2025-06-21 10:31:36'),
(1722, 'kehadiran', 11, 5, '1.00', '2025-06-21 10:31:36'),
(1723, 'kehadiran', 5, 12, '1.00', '2025-06-21 10:31:36'),
(1724, 'kehadiran', 12, 5, '1.00', '2025-06-21 10:31:36'),
(1725, 'kehadiran', 5, 13, '1.00', '2025-06-21 10:31:36'),
(1726, 'kehadiran', 13, 5, '1.00', '2025-06-21 10:31:36'),
(1727, 'kehadiran', 5, 3, '1.00', '2025-06-21 10:31:36'),
(1728, 'kehadiran', 3, 5, '1.00', '2025-06-21 10:31:36'),
(1729, 'kehadiran', 5, 14, '1.00', '2025-06-21 10:31:36'),
(1730, 'kehadiran', 14, 5, '1.00', '2025-06-21 10:31:36'),
(1731, 'kehadiran', 5, 4, '1.00', '2025-06-21 10:31:36'),
(1732, 'kehadiran', 4, 5, '1.00', '2025-06-21 10:31:36'),
(1733, 'kehadiran', 5, 15, '1.00', '2025-06-21 10:31:36'),
(1734, 'kehadiran', 15, 5, '1.00', '2025-06-21 10:31:36'),
(1735, 'kehadiran', 5, 16, '1.00', '2025-06-21 10:31:36'),
(1736, 'kehadiran', 16, 5, '1.00', '2025-06-21 10:31:36'),
(1737, 'kehadiran', 17, 18, '1.00', '2025-06-21 10:31:36'),
(1738, 'kehadiran', 18, 17, '1.00', '2025-06-21 10:31:36'),
(1739, 'kehadiran', 17, 6, '1.00', '2025-06-21 10:31:36'),
(1740, 'kehadiran', 6, 17, '1.00', '2025-06-21 10:31:36'),
(1741, 'kehadiran', 17, 19, '1.00', '2025-06-21 10:31:36'),
(1742, 'kehadiran', 19, 17, '1.00', '2025-06-21 10:31:36'),
(1743, 'kehadiran', 17, 1, '1.00', '2025-06-21 10:31:36'),
(1744, 'kehadiran', 1, 17, '1.00', '2025-06-21 10:31:36'),
(1745, 'kehadiran', 17, 7, '1.00', '2025-06-21 10:31:36'),
(1746, 'kehadiran', 7, 17, '1.00', '2025-06-21 10:31:36'),
(1747, 'kehadiran', 17, 20, '1.00', '2025-06-21 10:31:36'),
(1748, 'kehadiran', 20, 17, '1.00', '2025-06-21 10:31:36'),
(1749, 'kehadiran', 17, 8, '1.00', '2025-06-21 10:31:36'),
(1750, 'kehadiran', 8, 17, '1.00', '2025-06-21 10:31:36'),
(1751, 'kehadiran', 17, 2, '1.00', '2025-06-21 10:31:36'),
(1752, 'kehadiran', 2, 17, '1.00', '2025-06-21 10:31:36'),
(1753, 'kehadiran', 17, 9, '1.00', '2025-06-21 10:31:36'),
(1754, 'kehadiran', 9, 17, '1.00', '2025-06-21 10:31:36'),
(1755, 'kehadiran', 17, 10, '1.00', '2025-06-21 10:31:36'),
(1756, 'kehadiran', 10, 17, '1.00', '2025-06-21 10:31:36'),
(1757, 'kehadiran', 17, 11, '1.00', '2025-06-21 10:31:36'),
(1758, 'kehadiran', 11, 17, '1.00', '2025-06-21 10:31:36'),
(1759, 'kehadiran', 17, 12, '1.00', '2025-06-21 10:31:36'),
(1760, 'kehadiran', 12, 17, '1.00', '2025-06-21 10:31:36'),
(1761, 'kehadiran', 17, 13, '1.00', '2025-06-21 10:31:36'),
(1762, 'kehadiran', 13, 17, '1.00', '2025-06-21 10:31:36'),
(1763, 'kehadiran', 17, 3, '1.00', '2025-06-21 10:31:36'),
(1764, 'kehadiran', 3, 17, '1.00', '2025-06-21 10:31:36'),
(1765, 'kehadiran', 17, 14, '1.00', '2025-06-21 10:31:36'),
(1766, 'kehadiran', 14, 17, '1.00', '2025-06-21 10:31:36'),
(1767, 'kehadiran', 17, 4, '1.00', '2025-06-21 10:31:36'),
(1768, 'kehadiran', 4, 17, '1.00', '2025-06-21 10:31:36'),
(1769, 'kehadiran', 17, 15, '1.00', '2025-06-21 10:31:36'),
(1770, 'kehadiran', 15, 17, '1.00', '2025-06-21 10:31:36'),
(1771, 'kehadiran', 17, 16, '1.00', '2025-06-21 10:31:36'),
(1772, 'kehadiran', 16, 17, '1.00', '2025-06-21 10:31:36'),
(1773, 'kehadiran', 18, 6, '1.00', '2025-06-21 10:31:36'),
(1774, 'kehadiran', 6, 18, '1.00', '2025-06-21 10:31:36'),
(1775, 'kehadiran', 18, 19, '1.00', '2025-06-21 10:31:36'),
(1776, 'kehadiran', 19, 18, '1.00', '2025-06-21 10:31:36'),
(1777, 'kehadiran', 18, 1, '1.00', '2025-06-21 10:31:36'),
(1778, 'kehadiran', 1, 18, '1.00', '2025-06-21 10:31:36'),
(1779, 'kehadiran', 18, 7, '1.00', '2025-06-21 10:31:36'),
(1780, 'kehadiran', 7, 18, '1.00', '2025-06-21 10:31:36'),
(1781, 'kehadiran', 18, 20, '1.00', '2025-06-21 10:31:36'),
(1782, 'kehadiran', 20, 18, '1.00', '2025-06-21 10:31:36'),
(1783, 'kehadiran', 18, 8, '1.00', '2025-06-21 10:31:36'),
(1784, 'kehadiran', 8, 18, '1.00', '2025-06-21 10:31:36'),
(1785, 'kehadiran', 18, 2, '1.00', '2025-06-21 10:31:36'),
(1786, 'kehadiran', 2, 18, '1.00', '2025-06-21 10:31:36'),
(1787, 'kehadiran', 18, 9, '1.00', '2025-06-21 10:31:36'),
(1788, 'kehadiran', 9, 18, '1.00', '2025-06-21 10:31:36'),
(1789, 'kehadiran', 18, 10, '1.00', '2025-06-21 10:31:36'),
(1790, 'kehadiran', 10, 18, '1.00', '2025-06-21 10:31:36'),
(1791, 'kehadiran', 18, 11, '1.00', '2025-06-21 10:31:36'),
(1792, 'kehadiran', 11, 18, '1.00', '2025-06-21 10:31:36'),
(1793, 'kehadiran', 18, 12, '1.00', '2025-06-21 10:31:36'),
(1794, 'kehadiran', 12, 18, '1.00', '2025-06-21 10:31:36'),
(1795, 'kehadiran', 18, 13, '1.00', '2025-06-21 10:31:36'),
(1796, 'kehadiran', 13, 18, '1.00', '2025-06-21 10:31:36'),
(1797, 'kehadiran', 18, 3, '1.00', '2025-06-21 10:31:36'),
(1798, 'kehadiran', 3, 18, '1.00', '2025-06-21 10:31:36'),
(1799, 'kehadiran', 18, 14, '1.00', '2025-06-21 10:31:36'),
(1800, 'kehadiran', 14, 18, '1.00', '2025-06-21 10:31:37'),
(1801, 'kehadiran', 18, 4, '1.00', '2025-06-21 10:31:37'),
(1802, 'kehadiran', 4, 18, '1.00', '2025-06-21 10:31:37'),
(1803, 'kehadiran', 18, 15, '1.00', '2025-06-21 10:31:37'),
(1804, 'kehadiran', 15, 18, '1.00', '2025-06-21 10:31:37'),
(1805, 'kehadiran', 18, 16, '1.00', '2025-06-21 10:31:37'),
(1806, 'kehadiran', 16, 18, '1.00', '2025-06-21 10:31:37'),
(1807, 'kehadiran', 6, 19, '1.00', '2025-06-21 10:31:37'),
(1808, 'kehadiran', 19, 6, '1.00', '2025-06-21 10:31:37'),
(1809, 'kehadiran', 6, 1, '1.00', '2025-06-21 10:31:37'),
(1810, 'kehadiran', 1, 6, '1.00', '2025-06-21 10:31:37'),
(1811, 'kehadiran', 6, 7, '1.00', '2025-06-21 10:31:37'),
(1812, 'kehadiran', 7, 6, '1.00', '2025-06-21 10:31:37'),
(1813, 'kehadiran', 6, 20, '1.00', '2025-06-21 10:31:37'),
(1814, 'kehadiran', 20, 6, '1.00', '2025-06-21 10:31:37'),
(1815, 'kehadiran', 6, 8, '1.00', '2025-06-21 10:31:37'),
(1816, 'kehadiran', 8, 6, '1.00', '2025-06-21 10:31:37'),
(1817, 'kehadiran', 6, 2, '1.00', '2025-06-21 10:31:37'),
(1818, 'kehadiran', 2, 6, '1.00', '2025-06-21 10:31:37'),
(1819, 'kehadiran', 6, 9, '1.00', '2025-06-21 10:31:37'),
(1820, 'kehadiran', 9, 6, '1.00', '2025-06-21 10:31:37'),
(1821, 'kehadiran', 6, 10, '1.00', '2025-06-21 10:31:37'),
(1822, 'kehadiran', 10, 6, '1.00', '2025-06-21 10:31:37'),
(1823, 'kehadiran', 6, 11, '1.00', '2025-06-21 10:31:37'),
(1824, 'kehadiran', 11, 6, '1.00', '2025-06-21 10:31:37'),
(1825, 'kehadiran', 6, 12, '1.00', '2025-06-21 10:31:37'),
(1826, 'kehadiran', 12, 6, '1.00', '2025-06-21 10:31:37'),
(1827, 'kehadiran', 6, 13, '1.00', '2025-06-21 10:31:37'),
(1828, 'kehadiran', 13, 6, '1.00', '2025-06-21 10:31:37'),
(1829, 'kehadiran', 6, 3, '1.00', '2025-06-21 10:31:37'),
(1830, 'kehadiran', 3, 6, '1.00', '2025-06-21 10:31:37'),
(1831, 'kehadiran', 6, 14, '1.00', '2025-06-21 10:31:37'),
(1832, 'kehadiran', 14, 6, '1.00', '2025-06-21 10:31:37'),
(1833, 'kehadiran', 6, 4, '1.00', '2025-06-21 10:31:37'),
(1834, 'kehadiran', 4, 6, '1.00', '2025-06-21 10:31:37'),
(1835, 'kehadiran', 6, 15, '1.00', '2025-06-21 10:31:37'),
(1836, 'kehadiran', 15, 6, '1.00', '2025-06-21 10:31:37'),
(1837, 'kehadiran', 6, 16, '1.00', '2025-06-21 10:31:37'),
(1838, 'kehadiran', 16, 6, '1.00', '2025-06-21 10:31:37'),
(1839, 'kehadiran', 19, 1, '1.00', '2025-06-21 10:31:37'),
(1840, 'kehadiran', 1, 19, '1.00', '2025-06-21 10:31:37'),
(1841, 'kehadiran', 19, 7, '1.00', '2025-06-21 10:31:37'),
(1842, 'kehadiran', 7, 19, '1.00', '2025-06-21 10:31:37'),
(1843, 'kehadiran', 19, 20, '1.00', '2025-06-21 10:31:37'),
(1844, 'kehadiran', 20, 19, '1.00', '2025-06-21 10:31:38'),
(1845, 'kehadiran', 19, 8, '1.00', '2025-06-21 10:31:38'),
(1846, 'kehadiran', 8, 19, '1.00', '2025-06-21 10:31:38'),
(1847, 'kehadiran', 19, 2, '1.00', '2025-06-21 10:31:38'),
(1848, 'kehadiran', 2, 19, '1.00', '2025-06-21 10:31:38'),
(1849, 'kehadiran', 19, 9, '1.00', '2025-06-21 10:31:38'),
(1850, 'kehadiran', 9, 19, '1.00', '2025-06-21 10:31:38'),
(1851, 'kehadiran', 19, 10, '1.00', '2025-06-21 10:31:38'),
(1852, 'kehadiran', 10, 19, '1.00', '2025-06-21 10:31:38'),
(1853, 'kehadiran', 19, 11, '1.00', '2025-06-21 10:31:38'),
(1854, 'kehadiran', 11, 19, '1.00', '2025-06-21 10:31:38'),
(1855, 'kehadiran', 19, 12, '1.00', '2025-06-21 10:31:38'),
(1856, 'kehadiran', 12, 19, '1.00', '2025-06-21 10:31:38'),
(1857, 'kehadiran', 19, 13, '1.00', '2025-06-21 10:31:38'),
(1858, 'kehadiran', 13, 19, '1.00', '2025-06-21 10:31:38'),
(1859, 'kehadiran', 19, 3, '1.00', '2025-06-21 10:31:38'),
(1860, 'kehadiran', 3, 19, '1.00', '2025-06-21 10:31:38'),
(1861, 'kehadiran', 19, 14, '1.00', '2025-06-21 10:31:38'),
(1862, 'kehadiran', 14, 19, '1.00', '2025-06-21 10:31:38'),
(1863, 'kehadiran', 19, 4, '1.00', '2025-06-21 10:31:38'),
(1864, 'kehadiran', 4, 19, '1.00', '2025-06-21 10:31:38'),
(1865, 'kehadiran', 19, 15, '1.00', '2025-06-21 10:31:38'),
(1866, 'kehadiran', 15, 19, '1.00', '2025-06-21 10:31:38'),
(1867, 'kehadiran', 19, 16, '1.00', '2025-06-21 10:31:38'),
(1868, 'kehadiran', 16, 19, '1.00', '2025-06-21 10:31:38'),
(1869, 'kehadiran', 1, 7, '5.00', '2025-06-21 10:31:38'),
(1870, 'kehadiran', 7, 1, '0.20', '2025-06-21 10:31:38'),
(1871, 'kehadiran', 1, 20, '7.00', '2025-06-21 10:31:38'),
(1872, 'kehadiran', 20, 1, '0.14', '2025-06-21 10:31:38'),
(1873, 'kehadiran', 1, 8, '7.00', '2025-06-21 10:31:38'),
(1874, 'kehadiran', 8, 1, '0.14', '2025-06-21 10:31:38'),
(1875, 'kehadiran', 1, 2, '3.00', '2025-06-21 10:31:38'),
(1876, 'kehadiran', 2, 1, '0.33', '2025-06-21 10:31:38'),
(1877, 'kehadiran', 1, 9, '9.00', '2025-06-21 10:31:38'),
(1878, 'kehadiran', 9, 1, '0.11', '2025-06-21 10:31:38'),
(1879, 'kehadiran', 1, 10, '3.00', '2025-06-21 10:31:38'),
(1880, 'kehadiran', 10, 1, '0.33', '2025-06-21 10:31:38'),
(1881, 'kehadiran', 1, 11, '5.00', '2025-06-21 10:31:38'),
(1882, 'kehadiran', 11, 1, '0.20', '2025-06-21 10:31:38'),
(1883, 'kehadiran', 1, 12, '7.00', '2025-06-21 10:31:38'),
(1884, 'kehadiran', 12, 1, '0.14', '2025-06-21 10:31:38'),
(1885, 'kehadiran', 1, 13, '9.00', '2025-06-21 10:31:38'),
(1886, 'kehadiran', 13, 1, '0.11', '2025-06-21 10:31:38'),
(1887, 'kehadiran', 1, 3, '5.00', '2025-06-21 10:31:38'),
(1888, 'kehadiran', 3, 1, '0.20', '2025-06-21 10:31:38'),
(1889, 'kehadiran', 1, 14, '3.00', '2025-06-21 10:31:38'),
(1890, 'kehadiran', 14, 1, '0.33', '2025-06-21 10:31:38'),
(1891, 'kehadiran', 1, 4, '7.00', '2025-06-21 10:31:38'),
(1892, 'kehadiran', 4, 1, '0.14', '2025-06-21 10:31:38'),
(1893, 'kehadiran', 1, 15, '5.00', '2025-06-21 10:31:38'),
(1894, 'kehadiran', 15, 1, '0.20', '2025-06-21 10:31:38'),
(1895, 'kehadiran', 1, 16, '7.00', '2025-06-21 10:31:38'),
(1896, 'kehadiran', 16, 1, '0.14', '2025-06-21 10:31:38'),
(1897, 'kehadiran', 7, 20, '1.00', '2025-06-21 10:31:38'),
(1898, 'kehadiran', 20, 7, '1.00', '2025-06-21 10:31:38'),
(1899, 'kehadiran', 7, 8, '1.00', '2025-06-21 10:31:38'),
(1900, 'kehadiran', 8, 7, '1.00', '2025-06-21 10:31:38'),
(1901, 'kehadiran', 7, 2, '1.00', '2025-06-21 10:31:38'),
(1902, 'kehadiran', 2, 7, '1.00', '2025-06-21 10:31:38'),
(1903, 'kehadiran', 7, 9, '1.00', '2025-06-21 10:31:38'),
(1904, 'kehadiran', 9, 7, '1.00', '2025-06-21 10:31:38'),
(1905, 'kehadiran', 7, 10, '1.00', '2025-06-21 10:31:38'),
(1906, 'kehadiran', 10, 7, '1.00', '2025-06-21 10:31:38'),
(1907, 'kehadiran', 7, 11, '1.00', '2025-06-21 10:31:38'),
(1908, 'kehadiran', 11, 7, '1.00', '2025-06-21 10:31:38'),
(1909, 'kehadiran', 7, 12, '1.00', '2025-06-21 10:31:38'),
(1910, 'kehadiran', 12, 7, '1.00', '2025-06-21 10:31:38'),
(1911, 'kehadiran', 7, 13, '1.00', '2025-06-21 10:31:38'),
(1912, 'kehadiran', 13, 7, '1.00', '2025-06-21 10:31:38'),
(1913, 'kehadiran', 7, 3, '1.00', '2025-06-21 10:31:38'),
(1914, 'kehadiran', 3, 7, '1.00', '2025-06-21 10:31:38'),
(1915, 'kehadiran', 7, 14, '1.00', '2025-06-21 10:31:38'),
(1916, 'kehadiran', 14, 7, '1.00', '2025-06-21 10:31:38'),
(1917, 'kehadiran', 7, 4, '1.00', '2025-06-21 10:31:38'),
(1918, 'kehadiran', 4, 7, '1.00', '2025-06-21 10:31:38'),
(1919, 'kehadiran', 7, 15, '1.00', '2025-06-21 10:31:38'),
(1920, 'kehadiran', 15, 7, '1.00', '2025-06-21 10:31:38'),
(1921, 'kehadiran', 7, 16, '1.00', '2025-06-21 10:31:38'),
(1922, 'kehadiran', 16, 7, '1.00', '2025-06-21 10:31:38'),
(1923, 'kehadiran', 20, 8, '1.00', '2025-06-21 10:31:38'),
(1924, 'kehadiran', 8, 20, '1.00', '2025-06-21 10:31:38'),
(1925, 'kehadiran', 20, 2, '1.00', '2025-06-21 10:31:38'),
(1926, 'kehadiran', 2, 20, '1.00', '2025-06-21 10:31:38'),
(1927, 'kehadiran', 20, 9, '1.00', '2025-06-21 10:31:38'),
(1928, 'kehadiran', 9, 20, '1.00', '2025-06-21 10:31:38'),
(1929, 'kehadiran', 20, 10, '1.00', '2025-06-21 10:31:38'),
(1930, 'kehadiran', 10, 20, '1.00', '2025-06-21 10:31:38'),
(1931, 'kehadiran', 20, 11, '1.00', '2025-06-21 10:31:38'),
(1932, 'kehadiran', 11, 20, '1.00', '2025-06-21 10:31:38'),
(1933, 'kehadiran', 20, 12, '1.00', '2025-06-21 10:31:38'),
(1934, 'kehadiran', 12, 20, '1.00', '2025-06-21 10:31:38'),
(1935, 'kehadiran', 20, 13, '1.00', '2025-06-21 10:31:38'),
(1936, 'kehadiran', 13, 20, '1.00', '2025-06-21 10:31:38'),
(1937, 'kehadiran', 20, 3, '1.00', '2025-06-21 10:31:38'),
(1938, 'kehadiran', 3, 20, '1.00', '2025-06-21 10:31:38'),
(1939, 'kehadiran', 20, 14, '1.00', '2025-06-21 10:31:38'),
(1940, 'kehadiran', 14, 20, '1.00', '2025-06-21 10:31:38'),
(1941, 'kehadiran', 20, 4, '1.00', '2025-06-21 10:31:38'),
(1942, 'kehadiran', 4, 20, '1.00', '2025-06-21 10:31:38'),
(1943, 'kehadiran', 20, 15, '1.00', '2025-06-21 10:31:38'),
(1944, 'kehadiran', 15, 20, '1.00', '2025-06-21 10:31:38'),
(1945, 'kehadiran', 20, 16, '1.00', '2025-06-21 10:31:38'),
(1946, 'kehadiran', 16, 20, '1.00', '2025-06-21 10:31:38'),
(1947, 'kehadiran', 8, 2, '1.00', '2025-06-21 10:31:38'),
(1948, 'kehadiran', 2, 8, '1.00', '2025-06-21 10:31:38'),
(1949, 'kehadiran', 8, 9, '1.00', '2025-06-21 10:31:38'),
(1950, 'kehadiran', 9, 8, '1.00', '2025-06-21 10:31:38'),
(1951, 'kehadiran', 8, 10, '1.00', '2025-06-21 10:31:38'),
(1952, 'kehadiran', 10, 8, '1.00', '2025-06-21 10:31:38'),
(1953, 'kehadiran', 8, 11, '1.00', '2025-06-21 10:31:38'),
(1954, 'kehadiran', 11, 8, '1.00', '2025-06-21 10:31:38'),
(1955, 'kehadiran', 8, 12, '1.00', '2025-06-21 10:31:38'),
(1956, 'kehadiran', 12, 8, '1.00', '2025-06-21 10:31:38'),
(1957, 'kehadiran', 8, 13, '1.00', '2025-06-21 10:31:38'),
(1958, 'kehadiran', 13, 8, '1.00', '2025-06-21 10:31:38'),
(1959, 'kehadiran', 8, 3, '1.00', '2025-06-21 10:31:38'),
(1960, 'kehadiran', 3, 8, '1.00', '2025-06-21 10:31:38'),
(1961, 'kehadiran', 8, 14, '1.00', '2025-06-21 10:31:38'),
(1962, 'kehadiran', 14, 8, '1.00', '2025-06-21 10:31:38'),
(1963, 'kehadiran', 8, 4, '1.00', '2025-06-21 10:31:38'),
(1964, 'kehadiran', 4, 8, '1.00', '2025-06-21 10:31:38'),
(1965, 'kehadiran', 8, 15, '1.00', '2025-06-21 10:31:38'),
(1966, 'kehadiran', 15, 8, '1.00', '2025-06-21 10:31:38'),
(1967, 'kehadiran', 8, 16, '1.00', '2025-06-21 10:31:38'),
(1968, 'kehadiran', 16, 8, '1.00', '2025-06-21 10:31:38'),
(1969, 'kehadiran', 2, 9, '7.00', '2025-06-21 10:31:38'),
(1970, 'kehadiran', 9, 2, '0.14', '2025-06-21 10:31:38'),
(1971, 'kehadiran', 2, 10, '9.00', '2025-06-21 10:31:38'),
(1972, 'kehadiran', 10, 2, '0.11', '2025-06-21 10:31:38'),
(1973, 'kehadiran', 2, 11, '3.00', '2025-06-21 10:31:38'),
(1974, 'kehadiran', 11, 2, '0.33', '2025-06-21 10:31:38'),
(1975, 'kehadiran', 2, 12, '5.00', '2025-06-21 10:31:38'),
(1976, 'kehadiran', 12, 2, '0.20', '2025-06-21 10:31:38'),
(1977, 'kehadiran', 2, 13, '7.00', '2025-06-21 10:31:38'),
(1978, 'kehadiran', 13, 2, '0.14', '2025-06-21 10:31:38'),
(1979, 'kehadiran', 2, 3, '3.00', '2025-06-21 10:31:38'),
(1980, 'kehadiran', 3, 2, '0.33', '2025-06-21 10:31:38'),
(1981, 'kehadiran', 2, 14, '9.00', '2025-06-21 10:31:38'),
(1982, 'kehadiran', 14, 2, '0.11', '2025-06-21 10:31:38'),
(1983, 'kehadiran', 2, 4, '5.00', '2025-06-21 10:31:38'),
(1984, 'kehadiran', 4, 2, '0.20', '2025-06-21 10:31:38'),
(1985, 'kehadiran', 2, 15, '3.00', '2025-06-21 10:31:38'),
(1986, 'kehadiran', 15, 2, '0.33', '2025-06-21 10:31:38'),
(1987, 'kehadiran', 2, 16, '5.00', '2025-06-21 10:31:38'),
(1988, 'kehadiran', 16, 2, '0.20', '2025-06-21 10:31:38'),
(1989, 'kehadiran', 9, 10, '1.00', '2025-06-21 10:31:38'),
(1990, 'kehadiran', 10, 9, '1.00', '2025-06-21 10:31:38'),
(1991, 'kehadiran', 9, 11, '1.00', '2025-06-21 10:31:38'),
(1992, 'kehadiran', 11, 9, '1.00', '2025-06-21 10:31:38'),
(1993, 'kehadiran', 9, 12, '1.00', '2025-06-21 10:31:38'),
(1994, 'kehadiran', 12, 9, '1.00', '2025-06-21 10:31:38'),
(1995, 'kehadiran', 9, 13, '1.00', '2025-06-21 10:31:38'),
(1996, 'kehadiran', 13, 9, '1.00', '2025-06-21 10:31:38'),
(1997, 'kehadiran', 9, 3, '1.00', '2025-06-21 10:31:38'),
(1998, 'kehadiran', 3, 9, '1.00', '2025-06-21 10:31:38'),
(1999, 'kehadiran', 9, 14, '1.00', '2025-06-21 10:31:38'),
(2000, 'kehadiran', 14, 9, '1.00', '2025-06-21 10:31:38'),
(2001, 'kehadiran', 9, 4, '1.00', '2025-06-21 10:31:38'),
(2002, 'kehadiran', 4, 9, '1.00', '2025-06-21 10:31:38'),
(2003, 'kehadiran', 9, 15, '1.00', '2025-06-21 10:31:38'),
(2004, 'kehadiran', 15, 9, '1.00', '2025-06-21 10:31:38'),
(2005, 'kehadiran', 9, 16, '1.00', '2025-06-21 10:31:38'),
(2006, 'kehadiran', 16, 9, '1.00', '2025-06-21 10:31:38'),
(2007, 'kehadiran', 10, 11, '1.00', '2025-06-21 10:31:38'),
(2008, 'kehadiran', 11, 10, '1.00', '2025-06-21 10:31:38'),
(2009, 'kehadiran', 10, 12, '1.00', '2025-06-21 10:31:38'),
(2010, 'kehadiran', 12, 10, '1.00', '2025-06-21 10:31:38'),
(2011, 'kehadiran', 10, 13, '1.00', '2025-06-21 10:31:38'),
(2012, 'kehadiran', 13, 10, '1.00', '2025-06-21 10:31:38'),
(2013, 'kehadiran', 10, 3, '1.00', '2025-06-21 10:31:38'),
(2014, 'kehadiran', 3, 10, '1.00', '2025-06-21 10:31:38'),
(2015, 'kehadiran', 10, 14, '1.00', '2025-06-21 10:31:38'),
(2016, 'kehadiran', 14, 10, '1.00', '2025-06-21 10:31:38'),
(2017, 'kehadiran', 10, 4, '1.00', '2025-06-21 10:31:38'),
(2018, 'kehadiran', 4, 10, '1.00', '2025-06-21 10:31:38'),
(2019, 'kehadiran', 10, 15, '1.00', '2025-06-21 10:31:38'),
(2020, 'kehadiran', 15, 10, '1.00', '2025-06-21 10:31:38'),
(2021, 'kehadiran', 10, 16, '1.00', '2025-06-21 10:31:38'),
(2022, 'kehadiran', 16, 10, '1.00', '2025-06-21 10:31:38'),
(2023, 'kehadiran', 11, 12, '1.00', '2025-06-21 10:31:38'),
(2024, 'kehadiran', 12, 11, '1.00', '2025-06-21 10:31:38'),
(2025, 'kehadiran', 11, 13, '1.00', '2025-06-21 10:31:38'),
(2026, 'kehadiran', 13, 11, '1.00', '2025-06-21 10:31:38'),
(2027, 'kehadiran', 11, 3, '1.00', '2025-06-21 10:31:38'),
(2028, 'kehadiran', 3, 11, '1.00', '2025-06-21 10:31:38'),
(2029, 'kehadiran', 11, 14, '1.00', '2025-06-21 10:31:38'),
(2030, 'kehadiran', 14, 11, '1.00', '2025-06-21 10:31:38'),
(2031, 'kehadiran', 11, 4, '1.00', '2025-06-21 10:31:38'),
(2032, 'kehadiran', 4, 11, '1.00', '2025-06-21 10:31:38'),
(2033, 'kehadiran', 11, 15, '1.00', '2025-06-21 10:31:38'),
(2034, 'kehadiran', 15, 11, '1.00', '2025-06-21 10:31:38'),
(2035, 'kehadiran', 11, 16, '1.00', '2025-06-21 10:31:38'),
(2036, 'kehadiran', 16, 11, '1.00', '2025-06-21 10:31:38'),
(2037, 'kehadiran', 12, 13, '1.00', '2025-06-21 10:31:38'),
(2038, 'kehadiran', 13, 12, '1.00', '2025-06-21 10:31:38'),
(2039, 'kehadiran', 12, 3, '1.00', '2025-06-21 10:31:38'),
(2040, 'kehadiran', 3, 12, '1.00', '2025-06-21 10:31:38'),
(2041, 'kehadiran', 12, 14, '1.00', '2025-06-21 10:31:38'),
(2042, 'kehadiran', 14, 12, '1.00', '2025-06-21 10:31:38'),
(2043, 'kehadiran', 12, 4, '1.00', '2025-06-21 10:31:38'),
(2044, 'kehadiran', 4, 12, '1.00', '2025-06-21 10:31:38'),
(2045, 'kehadiran', 12, 15, '1.00', '2025-06-21 10:31:38'),
(2046, 'kehadiran', 15, 12, '1.00', '2025-06-21 10:31:38'),
(2047, 'kehadiran', 12, 16, '1.00', '2025-06-21 10:31:38'),
(2048, 'kehadiran', 16, 12, '1.00', '2025-06-21 10:31:38'),
(2049, 'kehadiran', 13, 3, '1.00', '2025-06-21 10:31:38'),
(2050, 'kehadiran', 3, 13, '1.00', '2025-06-21 10:31:38'),
(2051, 'kehadiran', 13, 14, '1.00', '2025-06-21 10:31:38'),
(2052, 'kehadiran', 14, 13, '1.00', '2025-06-21 10:31:38'),
(2053, 'kehadiran', 13, 4, '1.00', '2025-06-21 10:31:38'),
(2054, 'kehadiran', 4, 13, '1.00', '2025-06-21 10:31:38'),
(2055, 'kehadiran', 13, 15, '1.00', '2025-06-21 10:31:38'),
(2056, 'kehadiran', 15, 13, '1.00', '2025-06-21 10:31:38'),
(2057, 'kehadiran', 13, 16, '1.00', '2025-06-21 10:31:38'),
(2058, 'kehadiran', 16, 13, '1.00', '2025-06-21 10:31:38'),
(2059, 'kehadiran', 3, 14, '7.00', '2025-06-21 10:31:38'),
(2060, 'kehadiran', 14, 3, '0.14', '2025-06-21 10:31:38'),
(2061, 'kehadiran', 3, 4, '1.00', '2025-06-21 10:31:38'),
(2062, 'kehadiran', 4, 3, '1.00', '2025-06-21 10:31:38'),
(2063, 'kehadiran', 3, 15, '9.00', '2025-06-21 10:31:38'),
(2064, 'kehadiran', 15, 3, '0.11', '2025-06-21 10:31:38'),
(2065, 'kehadiran', 3, 16, '3.00', '2025-06-21 10:31:38'),
(2066, 'kehadiran', 16, 3, '0.33', '2025-06-21 10:31:38'),
(2067, 'kehadiran', 14, 4, '1.00', '2025-06-21 10:31:38'),
(2068, 'kehadiran', 4, 14, '1.00', '2025-06-21 10:31:38'),
(2069, 'kehadiran', 14, 15, '1.00', '2025-06-21 10:31:38'),
(2070, 'kehadiran', 15, 14, '1.00', '2025-06-21 10:31:38'),
(2071, 'kehadiran', 14, 16, '1.00', '2025-06-21 10:31:38'),
(2072, 'kehadiran', 16, 14, '1.00', '2025-06-21 10:31:38'),
(2073, 'kehadiran', 4, 15, '7.00', '2025-06-21 10:31:38'),
(2074, 'kehadiran', 15, 4, '0.14', '2025-06-21 10:31:38'),
(2075, 'kehadiran', 4, 16, '9.00', '2025-06-21 10:31:38'),
(2076, 'kehadiran', 16, 4, '0.11', '2025-06-21 10:31:38'),
(2077, 'kehadiran', 15, 16, '1.00', '2025-06-21 10:31:38'),
(2078, 'kehadiran', 16, 15, '1.00', '2025-06-21 10:31:38'),
(2079, 'komunikasi', 5, 17, '1.00', '2025-06-21 10:34:12'),
(2080, 'komunikasi', 17, 5, '1.00', '2025-06-21 10:34:12'),
(2081, 'komunikasi', 5, 18, '1.00', '2025-06-21 10:34:12'),
(2082, 'komunikasi', 18, 5, '1.00', '2025-06-21 10:34:12'),
(2083, 'komunikasi', 5, 6, '1.00', '2025-06-21 10:34:12'),
(2084, 'komunikasi', 6, 5, '1.00', '2025-06-21 10:34:12'),
(2085, 'komunikasi', 5, 19, '1.00', '2025-06-21 10:34:12'),
(2086, 'komunikasi', 19, 5, '1.00', '2025-06-21 10:34:12'),
(2087, 'komunikasi', 5, 1, '1.00', '2025-06-21 10:34:12'),
(2088, 'komunikasi', 1, 5, '1.00', '2025-06-21 10:34:12'),
(2089, 'komunikasi', 5, 7, '1.00', '2025-06-21 10:34:12'),
(2090, 'komunikasi', 7, 5, '1.00', '2025-06-21 10:34:12'),
(2091, 'komunikasi', 5, 20, '1.00', '2025-06-21 10:34:12'),
(2092, 'komunikasi', 20, 5, '1.00', '2025-06-21 10:34:12'),
(2093, 'komunikasi', 5, 8, '1.00', '2025-06-21 10:34:12'),
(2094, 'komunikasi', 8, 5, '1.00', '2025-06-21 10:34:12'),
(2095, 'komunikasi', 5, 2, '1.00', '2025-06-21 10:34:12'),
(2096, 'komunikasi', 2, 5, '1.00', '2025-06-21 10:34:12'),
(2097, 'komunikasi', 5, 9, '1.00', '2025-06-21 10:34:12'),
(2098, 'komunikasi', 9, 5, '1.00', '2025-06-21 10:34:12'),
(2099, 'komunikasi', 5, 10, '1.00', '2025-06-21 10:34:12'),
(2100, 'komunikasi', 10, 5, '1.00', '2025-06-21 10:34:12'),
(2101, 'komunikasi', 5, 11, '1.00', '2025-06-21 10:34:12'),
(2102, 'komunikasi', 11, 5, '1.00', '2025-06-21 10:34:12'),
(2103, 'komunikasi', 5, 12, '1.00', '2025-06-21 10:34:12'),
(2104, 'komunikasi', 12, 5, '1.00', '2025-06-21 10:34:12'),
(2105, 'komunikasi', 5, 13, '1.00', '2025-06-21 10:34:12'),
(2106, 'komunikasi', 13, 5, '1.00', '2025-06-21 10:34:12'),
(2107, 'komunikasi', 5, 3, '1.00', '2025-06-21 10:34:12'),
(2108, 'komunikasi', 3, 5, '1.00', '2025-06-21 10:34:12'),
(2109, 'komunikasi', 5, 14, '1.00', '2025-06-21 10:34:12'),
(2110, 'komunikasi', 14, 5, '1.00', '2025-06-21 10:34:12'),
(2111, 'komunikasi', 5, 4, '1.00', '2025-06-21 10:34:12'),
(2112, 'komunikasi', 4, 5, '1.00', '2025-06-21 10:34:12'),
(2113, 'komunikasi', 5, 15, '1.00', '2025-06-21 10:34:12'),
(2114, 'komunikasi', 15, 5, '1.00', '2025-06-21 10:34:12'),
(2115, 'komunikasi', 5, 16, '1.00', '2025-06-21 10:34:12'),
(2116, 'komunikasi', 16, 5, '1.00', '2025-06-21 10:34:12'),
(2117, 'komunikasi', 17, 18, '1.00', '2025-06-21 10:34:12'),
(2118, 'komunikasi', 18, 17, '1.00', '2025-06-21 10:34:12'),
(2119, 'komunikasi', 17, 6, '1.00', '2025-06-21 10:34:12'),
(2120, 'komunikasi', 6, 17, '1.00', '2025-06-21 10:34:12'),
(2121, 'komunikasi', 17, 19, '1.00', '2025-06-21 10:34:12'),
(2122, 'komunikasi', 19, 17, '1.00', '2025-06-21 10:34:12'),
(2123, 'komunikasi', 17, 1, '1.00', '2025-06-21 10:34:12'),
(2124, 'komunikasi', 1, 17, '1.00', '2025-06-21 10:34:12'),
(2125, 'komunikasi', 17, 7, '1.00', '2025-06-21 10:34:12'),
(2126, 'komunikasi', 7, 17, '1.00', '2025-06-21 10:34:12'),
(2127, 'komunikasi', 17, 20, '1.00', '2025-06-21 10:34:12'),
(2128, 'komunikasi', 20, 17, '1.00', '2025-06-21 10:34:12'),
(2129, 'komunikasi', 17, 8, '1.00', '2025-06-21 10:34:12'),
(2130, 'komunikasi', 8, 17, '1.00', '2025-06-21 10:34:12'),
(2131, 'komunikasi', 17, 2, '1.00', '2025-06-21 10:34:12'),
(2132, 'komunikasi', 2, 17, '1.00', '2025-06-21 10:34:12'),
(2133, 'komunikasi', 17, 9, '1.00', '2025-06-21 10:34:12'),
(2134, 'komunikasi', 9, 17, '1.00', '2025-06-21 10:34:12'),
(2135, 'komunikasi', 17, 10, '1.00', '2025-06-21 10:34:12'),
(2136, 'komunikasi', 10, 17, '1.00', '2025-06-21 10:34:12'),
(2137, 'komunikasi', 17, 11, '1.00', '2025-06-21 10:34:12'),
(2138, 'komunikasi', 11, 17, '1.00', '2025-06-21 10:34:12'),
(2139, 'komunikasi', 17, 12, '1.00', '2025-06-21 10:34:12'),
(2140, 'komunikasi', 12, 17, '1.00', '2025-06-21 10:34:12'),
(2141, 'komunikasi', 17, 13, '1.00', '2025-06-21 10:34:12'),
(2142, 'komunikasi', 13, 17, '1.00', '2025-06-21 10:34:12'),
(2143, 'komunikasi', 17, 3, '1.00', '2025-06-21 10:34:12'),
(2144, 'komunikasi', 3, 17, '1.00', '2025-06-21 10:34:12'),
(2145, 'komunikasi', 17, 14, '1.00', '2025-06-21 10:34:12'),
(2146, 'komunikasi', 14, 17, '1.00', '2025-06-21 10:34:12'),
(2147, 'komunikasi', 17, 4, '1.00', '2025-06-21 10:34:12'),
(2148, 'komunikasi', 4, 17, '1.00', '2025-06-21 10:34:12'),
(2149, 'komunikasi', 17, 15, '1.00', '2025-06-21 10:34:12'),
(2150, 'komunikasi', 15, 17, '1.00', '2025-06-21 10:34:12'),
(2151, 'komunikasi', 17, 16, '1.00', '2025-06-21 10:34:12'),
(2152, 'komunikasi', 16, 17, '1.00', '2025-06-21 10:34:12'),
(2153, 'komunikasi', 18, 6, '1.00', '2025-06-21 10:34:12'),
(2154, 'komunikasi', 6, 18, '1.00', '2025-06-21 10:34:12'),
(2155, 'komunikasi', 18, 19, '1.00', '2025-06-21 10:34:12'),
(2156, 'komunikasi', 19, 18, '1.00', '2025-06-21 10:34:12'),
(2157, 'komunikasi', 18, 1, '1.00', '2025-06-21 10:34:12'),
(2158, 'komunikasi', 1, 18, '1.00', '2025-06-21 10:34:12'),
(2159, 'komunikasi', 18, 7, '1.00', '2025-06-21 10:34:12'),
(2160, 'komunikasi', 7, 18, '1.00', '2025-06-21 10:34:12'),
(2161, 'komunikasi', 18, 20, '1.00', '2025-06-21 10:34:12'),
(2162, 'komunikasi', 20, 18, '1.00', '2025-06-21 10:34:12'),
(2163, 'komunikasi', 18, 8, '1.00', '2025-06-21 10:34:12'),
(2164, 'komunikasi', 8, 18, '1.00', '2025-06-21 10:34:12'),
(2165, 'komunikasi', 18, 2, '1.00', '2025-06-21 10:34:12'),
(2166, 'komunikasi', 2, 18, '1.00', '2025-06-21 10:34:12'),
(2167, 'komunikasi', 18, 9, '1.00', '2025-06-21 10:34:12'),
(2168, 'komunikasi', 9, 18, '1.00', '2025-06-21 10:34:12'),
(2169, 'komunikasi', 18, 10, '1.00', '2025-06-21 10:34:12'),
(2170, 'komunikasi', 10, 18, '1.00', '2025-06-21 10:34:12'),
(2171, 'komunikasi', 18, 11, '1.00', '2025-06-21 10:34:12'),
(2172, 'komunikasi', 11, 18, '1.00', '2025-06-21 10:34:12'),
(2173, 'komunikasi', 18, 12, '1.00', '2025-06-21 10:34:12'),
(2174, 'komunikasi', 12, 18, '1.00', '2025-06-21 10:34:12'),
(2175, 'komunikasi', 18, 13, '1.00', '2025-06-21 10:34:12'),
(2176, 'komunikasi', 13, 18, '1.00', '2025-06-21 10:34:12'),
(2177, 'komunikasi', 18, 3, '1.00', '2025-06-21 10:34:12'),
(2178, 'komunikasi', 3, 18, '1.00', '2025-06-21 10:34:12'),
(2179, 'komunikasi', 18, 14, '1.00', '2025-06-21 10:34:12'),
(2180, 'komunikasi', 14, 18, '1.00', '2025-06-21 10:34:12'),
(2181, 'komunikasi', 18, 4, '1.00', '2025-06-21 10:34:12'),
(2182, 'komunikasi', 4, 18, '1.00', '2025-06-21 10:34:12'),
(2183, 'komunikasi', 18, 15, '1.00', '2025-06-21 10:34:12'),
(2184, 'komunikasi', 15, 18, '1.00', '2025-06-21 10:34:12'),
(2185, 'komunikasi', 18, 16, '1.00', '2025-06-21 10:34:12'),
(2186, 'komunikasi', 16, 18, '1.00', '2025-06-21 10:34:12'),
(2187, 'komunikasi', 6, 19, '1.00', '2025-06-21 10:34:12'),
(2188, 'komunikasi', 19, 6, '1.00', '2025-06-21 10:34:12'),
(2189, 'komunikasi', 6, 1, '1.00', '2025-06-21 10:34:12'),
(2190, 'komunikasi', 1, 6, '1.00', '2025-06-21 10:34:12'),
(2191, 'komunikasi', 6, 7, '1.00', '2025-06-21 10:34:12'),
(2192, 'komunikasi', 7, 6, '1.00', '2025-06-21 10:34:12'),
(2193, 'komunikasi', 6, 20, '1.00', '2025-06-21 10:34:12'),
(2194, 'komunikasi', 20, 6, '1.00', '2025-06-21 10:34:12'),
(2195, 'komunikasi', 6, 8, '1.00', '2025-06-21 10:34:12'),
(2196, 'komunikasi', 8, 6, '1.00', '2025-06-21 10:34:12'),
(2197, 'komunikasi', 6, 2, '1.00', '2025-06-21 10:34:12'),
(2198, 'komunikasi', 2, 6, '1.00', '2025-06-21 10:34:12'),
(2199, 'komunikasi', 6, 9, '1.00', '2025-06-21 10:34:12'),
(2200, 'komunikasi', 9, 6, '1.00', '2025-06-21 10:34:12'),
(2201, 'komunikasi', 6, 10, '1.00', '2025-06-21 10:34:12'),
(2202, 'komunikasi', 10, 6, '1.00', '2025-06-21 10:34:12'),
(2203, 'komunikasi', 6, 11, '1.00', '2025-06-21 10:34:12'),
(2204, 'komunikasi', 11, 6, '1.00', '2025-06-21 10:34:12'),
(2205, 'komunikasi', 6, 12, '1.00', '2025-06-21 10:34:12'),
(2206, 'komunikasi', 12, 6, '1.00', '2025-06-21 10:34:12'),
(2207, 'komunikasi', 6, 13, '1.00', '2025-06-21 10:34:12'),
(2208, 'komunikasi', 13, 6, '1.00', '2025-06-21 10:34:12'),
(2209, 'komunikasi', 6, 3, '1.00', '2025-06-21 10:34:12'),
(2210, 'komunikasi', 3, 6, '1.00', '2025-06-21 10:34:12'),
(2211, 'komunikasi', 6, 14, '1.00', '2025-06-21 10:34:12'),
(2212, 'komunikasi', 14, 6, '1.00', '2025-06-21 10:34:12'),
(2213, 'komunikasi', 6, 4, '1.00', '2025-06-21 10:34:12'),
(2214, 'komunikasi', 4, 6, '1.00', '2025-06-21 10:34:12'),
(2215, 'komunikasi', 6, 15, '1.00', '2025-06-21 10:34:12'),
(2216, 'komunikasi', 15, 6, '1.00', '2025-06-21 10:34:12'),
(2217, 'komunikasi', 6, 16, '1.00', '2025-06-21 10:34:12'),
(2218, 'komunikasi', 16, 6, '1.00', '2025-06-21 10:34:12'),
(2219, 'komunikasi', 19, 1, '1.00', '2025-06-21 10:34:12'),
(2220, 'komunikasi', 1, 19, '1.00', '2025-06-21 10:34:12'),
(2221, 'komunikasi', 19, 7, '1.00', '2025-06-21 10:34:12'),
(2222, 'komunikasi', 7, 19, '1.00', '2025-06-21 10:34:12'),
(2223, 'komunikasi', 19, 20, '1.00', '2025-06-21 10:34:12'),
(2224, 'komunikasi', 20, 19, '1.00', '2025-06-21 10:34:12'),
(2225, 'komunikasi', 19, 8, '1.00', '2025-06-21 10:34:12'),
(2226, 'komunikasi', 8, 19, '1.00', '2025-06-21 10:34:12'),
(2227, 'komunikasi', 19, 2, '1.00', '2025-06-21 10:34:12'),
(2228, 'komunikasi', 2, 19, '1.00', '2025-06-21 10:34:12'),
(2229, 'komunikasi', 19, 9, '1.00', '2025-06-21 10:34:12'),
(2230, 'komunikasi', 9, 19, '1.00', '2025-06-21 10:34:12'),
(2231, 'komunikasi', 19, 10, '1.00', '2025-06-21 10:34:12'),
(2232, 'komunikasi', 10, 19, '1.00', '2025-06-21 10:34:12'),
(2233, 'komunikasi', 19, 11, '1.00', '2025-06-21 10:34:12'),
(2234, 'komunikasi', 11, 19, '1.00', '2025-06-21 10:34:12'),
(2235, 'komunikasi', 19, 12, '1.00', '2025-06-21 10:34:12'),
(2236, 'komunikasi', 12, 19, '1.00', '2025-06-21 10:34:12'),
(2237, 'komunikasi', 19, 13, '1.00', '2025-06-21 10:34:12'),
(2238, 'komunikasi', 13, 19, '1.00', '2025-06-21 10:34:12'),
(2239, 'komunikasi', 19, 3, '1.00', '2025-06-21 10:34:12'),
(2240, 'komunikasi', 3, 19, '1.00', '2025-06-21 10:34:12'),
(2241, 'komunikasi', 19, 14, '1.00', '2025-06-21 10:34:12'),
(2242, 'komunikasi', 14, 19, '1.00', '2025-06-21 10:34:12'),
(2243, 'komunikasi', 19, 4, '1.00', '2025-06-21 10:34:12'),
(2244, 'komunikasi', 4, 19, '1.00', '2025-06-21 10:34:12'),
(2245, 'komunikasi', 19, 15, '1.00', '2025-06-21 10:34:12'),
(2246, 'komunikasi', 15, 19, '1.00', '2025-06-21 10:34:12'),
(2247, 'komunikasi', 19, 16, '1.00', '2025-06-21 10:34:12'),
(2248, 'komunikasi', 16, 19, '1.00', '2025-06-21 10:34:12'),
(2249, 'komunikasi', 1, 7, '1.00', '2025-06-21 10:34:12'),
(2250, 'komunikasi', 7, 1, '1.00', '2025-06-21 10:34:12'),
(2251, 'komunikasi', 1, 20, '7.00', '2025-06-21 10:34:12'),
(2252, 'komunikasi', 20, 1, '0.14', '2025-06-21 10:34:12'),
(2253, 'komunikasi', 1, 8, '3.00', '2025-06-21 10:34:12'),
(2254, 'komunikasi', 8, 1, '0.33', '2025-06-21 10:34:12'),
(2255, 'komunikasi', 1, 2, '1.00', '2025-06-21 10:34:12'),
(2256, 'komunikasi', 2, 1, '1.00', '2025-06-21 10:34:12'),
(2257, 'komunikasi', 1, 9, '5.00', '2025-06-21 10:34:12'),
(2258, 'komunikasi', 9, 1, '0.20', '2025-06-21 10:34:12'),
(2259, 'komunikasi', 1, 10, '7.00', '2025-06-21 10:34:12'),
(2260, 'komunikasi', 10, 1, '0.14', '2025-06-21 10:34:12'),
(2261, 'komunikasi', 1, 11, '1.00', '2025-06-21 10:34:12'),
(2262, 'komunikasi', 11, 1, '1.00', '2025-06-21 10:34:12'),
(2263, 'komunikasi', 1, 12, '1.00', '2025-06-21 10:34:12'),
(2264, 'komunikasi', 12, 1, '1.00', '2025-06-21 10:34:12'),
(2265, 'komunikasi', 1, 13, '3.00', '2025-06-21 10:34:12'),
(2266, 'komunikasi', 13, 1, '0.33', '2025-06-21 10:34:12'),
(2267, 'komunikasi', 1, 3, '2.00', '2025-06-21 10:34:12'),
(2268, 'komunikasi', 3, 1, '0.50', '2025-06-21 10:34:12'),
(2269, 'komunikasi', 1, 14, '5.00', '2025-06-21 10:34:12'),
(2270, 'komunikasi', 14, 1, '0.20', '2025-06-21 10:34:12'),
(2271, 'komunikasi', 1, 4, '5.00', '2025-06-21 10:34:12'),
(2272, 'komunikasi', 4, 1, '0.20', '2025-06-21 10:34:12'),
(2273, 'komunikasi', 1, 15, '7.00', '2025-06-21 10:34:12'),
(2274, 'komunikasi', 15, 1, '0.14', '2025-06-21 10:34:12'),
(2275, 'komunikasi', 1, 16, '9.00', '2025-06-21 10:34:12'),
(2276, 'komunikasi', 16, 1, '0.11', '2025-06-21 10:34:12'),
(2277, 'komunikasi', 7, 20, '1.00', '2025-06-21 10:34:12'),
(2278, 'komunikasi', 20, 7, '1.00', '2025-06-21 10:34:12'),
(2279, 'komunikasi', 7, 8, '1.00', '2025-06-21 10:34:12'),
(2280, 'komunikasi', 8, 7, '1.00', '2025-06-21 10:34:12'),
(2281, 'komunikasi', 7, 2, '1.00', '2025-06-21 10:34:12'),
(2282, 'komunikasi', 2, 7, '1.00', '2025-06-21 10:34:12'),
(2283, 'komunikasi', 7, 9, '1.00', '2025-06-21 10:34:12'),
(2284, 'komunikasi', 9, 7, '1.00', '2025-06-21 10:34:12'),
(2285, 'komunikasi', 7, 10, '1.00', '2025-06-21 10:34:12'),
(2286, 'komunikasi', 10, 7, '1.00', '2025-06-21 10:34:12'),
(2287, 'komunikasi', 7, 11, '1.00', '2025-06-21 10:34:12'),
(2288, 'komunikasi', 11, 7, '1.00', '2025-06-21 10:34:12'),
(2289, 'komunikasi', 7, 12, '1.00', '2025-06-21 10:34:12'),
(2290, 'komunikasi', 12, 7, '1.00', '2025-06-21 10:34:12'),
(2291, 'komunikasi', 7, 13, '1.00', '2025-06-21 10:34:12'),
(2292, 'komunikasi', 13, 7, '1.00', '2025-06-21 10:34:12'),
(2293, 'komunikasi', 7, 3, '1.00', '2025-06-21 10:34:12'),
(2294, 'komunikasi', 3, 7, '1.00', '2025-06-21 10:34:12'),
(2295, 'komunikasi', 7, 14, '1.00', '2025-06-21 10:34:12'),
(2296, 'komunikasi', 14, 7, '1.00', '2025-06-21 10:34:12'),
(2297, 'komunikasi', 7, 4, '1.00', '2025-06-21 10:34:12'),
(2298, 'komunikasi', 4, 7, '1.00', '2025-06-21 10:34:12'),
(2299, 'komunikasi', 7, 15, '1.00', '2025-06-21 10:34:12'),
(2300, 'komunikasi', 15, 7, '1.00', '2025-06-21 10:34:12'),
(2301, 'komunikasi', 7, 16, '1.00', '2025-06-21 10:34:12'),
(2302, 'komunikasi', 16, 7, '1.00', '2025-06-21 10:34:12'),
(2303, 'komunikasi', 20, 8, '1.00', '2025-06-21 10:34:12'),
(2304, 'komunikasi', 8, 20, '1.00', '2025-06-21 10:34:12'),
(2305, 'komunikasi', 20, 2, '1.00', '2025-06-21 10:34:12'),
(2306, 'komunikasi', 2, 20, '1.00', '2025-06-21 10:34:12'),
(2307, 'komunikasi', 20, 9, '1.00', '2025-06-21 10:34:12'),
(2308, 'komunikasi', 9, 20, '1.00', '2025-06-21 10:34:12'),
(2309, 'komunikasi', 20, 10, '1.00', '2025-06-21 10:34:12'),
(2310, 'komunikasi', 10, 20, '1.00', '2025-06-21 10:34:12'),
(2311, 'komunikasi', 20, 11, '1.00', '2025-06-21 10:34:12'),
(2312, 'komunikasi', 11, 20, '1.00', '2025-06-21 10:34:12'),
(2313, 'komunikasi', 20, 12, '1.00', '2025-06-21 10:34:12'),
(2314, 'komunikasi', 12, 20, '1.00', '2025-06-21 10:34:12'),
(2315, 'komunikasi', 20, 13, '1.00', '2025-06-21 10:34:12'),
(2316, 'komunikasi', 13, 20, '1.00', '2025-06-21 10:34:12'),
(2317, 'komunikasi', 20, 3, '1.00', '2025-06-21 10:34:12'),
(2318, 'komunikasi', 3, 20, '1.00', '2025-06-21 10:34:12'),
(2319, 'komunikasi', 20, 14, '1.00', '2025-06-21 10:34:12'),
(2320, 'komunikasi', 14, 20, '1.00', '2025-06-21 10:34:12'),
(2321, 'komunikasi', 20, 4, '1.00', '2025-06-21 10:34:12'),
(2322, 'komunikasi', 4, 20, '1.00', '2025-06-21 10:34:12'),
(2323, 'komunikasi', 20, 15, '1.00', '2025-06-21 10:34:12'),
(2324, 'komunikasi', 15, 20, '1.00', '2025-06-21 10:34:13'),
(2325, 'komunikasi', 20, 16, '1.00', '2025-06-21 10:34:13'),
(2326, 'komunikasi', 16, 20, '1.00', '2025-06-21 10:34:13'),
(2327, 'komunikasi', 8, 2, '1.00', '2025-06-21 10:34:13'),
(2328, 'komunikasi', 2, 8, '1.00', '2025-06-21 10:34:13'),
(2329, 'komunikasi', 8, 9, '1.00', '2025-06-21 10:34:13'),
(2330, 'komunikasi', 9, 8, '1.00', '2025-06-21 10:34:13'),
(2331, 'komunikasi', 8, 10, '1.00', '2025-06-21 10:34:13'),
(2332, 'komunikasi', 10, 8, '1.00', '2025-06-21 10:34:13'),
(2333, 'komunikasi', 8, 11, '1.00', '2025-06-21 10:34:13'),
(2334, 'komunikasi', 11, 8, '1.00', '2025-06-21 10:34:13'),
(2335, 'komunikasi', 8, 12, '1.00', '2025-06-21 10:34:13'),
(2336, 'komunikasi', 12, 8, '1.00', '2025-06-21 10:34:13'),
(2337, 'komunikasi', 8, 13, '1.00', '2025-06-21 10:34:13'),
(2338, 'komunikasi', 13, 8, '1.00', '2025-06-21 10:34:13'),
(2339, 'komunikasi', 8, 3, '1.00', '2025-06-21 10:34:13'),
(2340, 'komunikasi', 3, 8, '1.00', '2025-06-21 10:34:13'),
(2341, 'komunikasi', 8, 14, '1.00', '2025-06-21 10:34:13'),
(2342, 'komunikasi', 14, 8, '1.00', '2025-06-21 10:34:13'),
(2343, 'komunikasi', 8, 4, '1.00', '2025-06-21 10:34:13'),
(2344, 'komunikasi', 4, 8, '1.00', '2025-06-21 10:34:13'),
(2345, 'komunikasi', 8, 15, '1.00', '2025-06-21 10:34:13'),
(2346, 'komunikasi', 15, 8, '1.00', '2025-06-21 10:34:13'),
(2347, 'komunikasi', 8, 16, '1.00', '2025-06-21 10:34:13'),
(2348, 'komunikasi', 16, 8, '1.00', '2025-06-21 10:34:13'),
(2349, 'komunikasi', 2, 9, '5.00', '2025-06-21 10:34:13'),
(2350, 'komunikasi', 9, 2, '0.20', '2025-06-21 10:34:13'),
(2351, 'komunikasi', 2, 10, '7.00', '2025-06-21 10:34:13'),
(2352, 'komunikasi', 10, 2, '0.14', '2025-06-21 10:34:13'),
(2353, 'komunikasi', 2, 11, '9.00', '2025-06-21 10:34:13'),
(2354, 'komunikasi', 11, 2, '0.11', '2025-06-21 10:34:13'),
(2355, 'komunikasi', 2, 12, '1.00', '2025-06-21 10:34:13'),
(2356, 'komunikasi', 12, 2, '1.00', '2025-06-21 10:34:13'),
(2357, 'komunikasi', 2, 13, '3.00', '2025-06-21 10:34:13'),
(2358, 'komunikasi', 13, 2, '0.33', '2025-06-21 10:34:13'),
(2359, 'komunikasi', 2, 3, '3.00', '2025-06-21 10:34:13'),
(2360, 'komunikasi', 3, 2, '0.33', '2025-06-21 10:34:13'),
(2361, 'komunikasi', 2, 14, '5.00', '2025-06-21 10:34:13'),
(2362, 'komunikasi', 14, 2, '0.20', '2025-06-21 10:34:13'),
(2363, 'komunikasi', 2, 4, '5.00', '2025-06-21 10:34:13'),
(2364, 'komunikasi', 4, 2, '0.20', '2025-06-21 10:34:13'),
(2365, 'komunikasi', 2, 15, '7.00', '2025-06-21 10:34:13'),
(2366, 'komunikasi', 15, 2, '0.14', '2025-06-21 10:34:13'),
(2367, 'komunikasi', 2, 16, '9.00', '2025-06-21 10:34:13'),
(2368, 'komunikasi', 16, 2, '0.11', '2025-06-21 10:34:13'),
(2369, 'komunikasi', 9, 10, '1.00', '2025-06-21 10:34:13'),
(2370, 'komunikasi', 10, 9, '1.00', '2025-06-21 10:34:13'),
(2371, 'komunikasi', 9, 11, '1.00', '2025-06-21 10:34:13'),
(2372, 'komunikasi', 11, 9, '1.00', '2025-06-21 10:34:13'),
(2373, 'komunikasi', 9, 12, '1.00', '2025-06-21 10:34:13'),
(2374, 'komunikasi', 12, 9, '1.00', '2025-06-21 10:34:13'),
(2375, 'komunikasi', 9, 13, '1.00', '2025-06-21 10:34:13'),
(2376, 'komunikasi', 13, 9, '1.00', '2025-06-21 10:34:13'),
(2377, 'komunikasi', 9, 3, '1.00', '2025-06-21 10:34:13'),
(2378, 'komunikasi', 3, 9, '1.00', '2025-06-21 10:34:13'),
(2379, 'komunikasi', 9, 14, '1.00', '2025-06-21 10:34:13'),
(2380, 'komunikasi', 14, 9, '1.00', '2025-06-21 10:34:13'),
(2381, 'komunikasi', 9, 4, '1.00', '2025-06-21 10:34:13'),
(2382, 'komunikasi', 4, 9, '1.00', '2025-06-21 10:34:13'),
(2383, 'komunikasi', 9, 15, '1.00', '2025-06-21 10:34:13'),
(2384, 'komunikasi', 15, 9, '1.00', '2025-06-21 10:34:13'),
(2385, 'komunikasi', 9, 16, '1.00', '2025-06-21 10:34:13'),
(2386, 'komunikasi', 16, 9, '1.00', '2025-06-21 10:34:13'),
(2387, 'komunikasi', 10, 11, '1.00', '2025-06-21 10:34:13'),
(2388, 'komunikasi', 11, 10, '1.00', '2025-06-21 10:34:13'),
(2389, 'komunikasi', 10, 12, '1.00', '2025-06-21 10:34:13'),
(2390, 'komunikasi', 12, 10, '1.00', '2025-06-21 10:34:13'),
(2391, 'komunikasi', 10, 13, '1.00', '2025-06-21 10:34:13'),
(2392, 'komunikasi', 13, 10, '1.00', '2025-06-21 10:34:13'),
(2393, 'komunikasi', 10, 3, '1.00', '2025-06-21 10:34:13'),
(2394, 'komunikasi', 3, 10, '1.00', '2025-06-21 10:34:13'),
(2395, 'komunikasi', 10, 14, '1.00', '2025-06-21 10:34:13'),
(2396, 'komunikasi', 14, 10, '1.00', '2025-06-21 10:34:13'),
(2397, 'komunikasi', 10, 4, '1.00', '2025-06-21 10:34:13'),
(2398, 'komunikasi', 4, 10, '1.00', '2025-06-21 10:34:13'),
(2399, 'komunikasi', 10, 15, '1.00', '2025-06-21 10:34:13'),
(2400, 'komunikasi', 15, 10, '1.00', '2025-06-21 10:34:13'),
(2401, 'komunikasi', 10, 16, '1.00', '2025-06-21 10:34:13'),
(2402, 'komunikasi', 16, 10, '1.00', '2025-06-21 10:34:13'),
(2403, 'komunikasi', 11, 12, '1.00', '2025-06-21 10:34:13'),
(2404, 'komunikasi', 12, 11, '1.00', '2025-06-21 10:34:13'),
(2405, 'komunikasi', 11, 13, '1.00', '2025-06-21 10:34:13'),
(2406, 'komunikasi', 13, 11, '1.00', '2025-06-21 10:34:13'),
(2407, 'komunikasi', 11, 3, '1.00', '2025-06-21 10:34:13'),
(2408, 'komunikasi', 3, 11, '1.00', '2025-06-21 10:34:13'),
(2409, 'komunikasi', 11, 14, '1.00', '2025-06-21 10:34:13'),
(2410, 'komunikasi', 14, 11, '1.00', '2025-06-21 10:34:13'),
(2411, 'komunikasi', 11, 4, '1.00', '2025-06-21 10:34:13'),
(2412, 'komunikasi', 4, 11, '1.00', '2025-06-21 10:34:13'),
(2413, 'komunikasi', 11, 15, '1.00', '2025-06-21 10:34:13'),
(2414, 'komunikasi', 15, 11, '1.00', '2025-06-21 10:34:13'),
(2415, 'komunikasi', 11, 16, '1.00', '2025-06-21 10:34:13'),
(2416, 'komunikasi', 16, 11, '1.00', '2025-06-21 10:34:13'),
(2417, 'komunikasi', 12, 13, '1.00', '2025-06-21 10:34:13'),
(2418, 'komunikasi', 13, 12, '1.00', '2025-06-21 10:34:13'),
(2419, 'komunikasi', 12, 3, '1.00', '2025-06-21 10:34:13'),
(2420, 'komunikasi', 3, 12, '1.00', '2025-06-21 10:34:13'),
(2421, 'komunikasi', 12, 14, '1.00', '2025-06-21 10:34:13'),
(2422, 'komunikasi', 14, 12, '1.00', '2025-06-21 10:34:13'),
(2423, 'komunikasi', 12, 4, '1.00', '2025-06-21 10:34:13'),
(2424, 'komunikasi', 4, 12, '1.00', '2025-06-21 10:34:13'),
(2425, 'komunikasi', 12, 15, '1.00', '2025-06-21 10:34:13'),
(2426, 'komunikasi', 15, 12, '1.00', '2025-06-21 10:34:13'),
(2427, 'komunikasi', 12, 16, '1.00', '2025-06-21 10:34:13'),
(2428, 'komunikasi', 16, 12, '1.00', '2025-06-21 10:34:13'),
(2429, 'komunikasi', 13, 3, '1.00', '2025-06-21 10:34:13'),
(2430, 'komunikasi', 3, 13, '1.00', '2025-06-21 10:34:13'),
(2431, 'komunikasi', 13, 14, '1.00', '2025-06-21 10:34:13'),
(2432, 'komunikasi', 14, 13, '1.00', '2025-06-21 10:34:13'),
(2433, 'komunikasi', 13, 4, '1.00', '2025-06-21 10:34:13'),
(2434, 'komunikasi', 4, 13, '1.00', '2025-06-21 10:34:13'),
(2435, 'komunikasi', 13, 15, '1.00', '2025-06-21 10:34:13'),
(2436, 'komunikasi', 15, 13, '1.00', '2025-06-21 10:34:13'),
(2437, 'komunikasi', 13, 16, '1.00', '2025-06-21 10:34:13'),
(2438, 'komunikasi', 16, 13, '1.00', '2025-06-21 10:34:13'),
(2439, 'komunikasi', 3, 14, '1.00', '2025-06-21 10:34:13'),
(2440, 'komunikasi', 14, 3, '1.00', '2025-06-21 10:34:13'),
(2441, 'komunikasi', 3, 4, '1.00', '2025-06-21 10:34:13'),
(2442, 'komunikasi', 4, 3, '1.00', '2025-06-21 10:34:13'),
(2443, 'komunikasi', 3, 15, '1.00', '2025-06-21 10:34:13'),
(2444, 'komunikasi', 15, 3, '1.00', '2025-06-21 10:34:13'),
(2445, 'komunikasi', 3, 16, '1.00', '2025-06-21 10:34:13'),
(2446, 'komunikasi', 16, 3, '1.00', '2025-06-21 10:34:13'),
(2447, 'komunikasi', 14, 4, '1.00', '2025-06-21 10:34:13'),
(2448, 'komunikasi', 4, 14, '1.00', '2025-06-21 10:34:13'),
(2449, 'komunikasi', 14, 15, '1.00', '2025-06-21 10:34:13'),
(2450, 'komunikasi', 15, 14, '1.00', '2025-06-21 10:34:13'),
(2451, 'komunikasi', 14, 16, '1.00', '2025-06-21 10:34:13'),
(2452, 'komunikasi', 16, 14, '1.00', '2025-06-21 10:34:13'),
(2453, 'komunikasi', 4, 15, '1.00', '2025-06-21 10:34:13'),
(2454, 'komunikasi', 15, 4, '1.00', '2025-06-21 10:34:13'),
(2455, 'komunikasi', 4, 16, '1.00', '2025-06-21 10:34:13'),
(2456, 'komunikasi', 16, 4, '1.00', '2025-06-21 10:34:13'),
(2457, 'komunikasi', 15, 16, '1.00', '2025-06-21 10:34:13'),
(2458, 'komunikasi', 16, 15, '1.00', '2025-06-21 10:34:13'),
(2459, 'tanggung_jawab', 5, 17, '1.00', '2025-06-21 10:34:37'),
(2460, 'tanggung_jawab', 17, 5, '1.00', '2025-06-21 10:34:37'),
(2461, 'tanggung_jawab', 5, 18, '1.00', '2025-06-21 10:34:37'),
(2462, 'tanggung_jawab', 18, 5, '1.00', '2025-06-21 10:34:37'),
(2463, 'tanggung_jawab', 5, 6, '1.00', '2025-06-21 10:34:37'),
(2464, 'tanggung_jawab', 6, 5, '1.00', '2025-06-21 10:34:37'),
(2465, 'tanggung_jawab', 5, 19, '1.00', '2025-06-21 10:34:37'),
(2466, 'tanggung_jawab', 19, 5, '1.00', '2025-06-21 10:34:37'),
(2467, 'tanggung_jawab', 5, 1, '1.00', '2025-06-21 10:34:37'),
(2468, 'tanggung_jawab', 1, 5, '1.00', '2025-06-21 10:34:37'),
(2469, 'tanggung_jawab', 5, 7, '1.00', '2025-06-21 10:34:37'),
(2470, 'tanggung_jawab', 7, 5, '1.00', '2025-06-21 10:34:37'),
(2471, 'tanggung_jawab', 5, 20, '1.00', '2025-06-21 10:34:37'),
(2472, 'tanggung_jawab', 20, 5, '1.00', '2025-06-21 10:34:37'),
(2473, 'tanggung_jawab', 5, 8, '1.00', '2025-06-21 10:34:37'),
(2474, 'tanggung_jawab', 8, 5, '1.00', '2025-06-21 10:34:37'),
(2475, 'tanggung_jawab', 5, 2, '1.00', '2025-06-21 10:34:37'),
(2476, 'tanggung_jawab', 2, 5, '1.00', '2025-06-21 10:34:37'),
(2477, 'tanggung_jawab', 5, 9, '1.00', '2025-06-21 10:34:37'),
(2478, 'tanggung_jawab', 9, 5, '1.00', '2025-06-21 10:34:37'),
(2479, 'tanggung_jawab', 5, 10, '1.00', '2025-06-21 10:34:37'),
(2480, 'tanggung_jawab', 10, 5, '1.00', '2025-06-21 10:34:37'),
(2481, 'tanggung_jawab', 5, 11, '1.00', '2025-06-21 10:34:37'),
(2482, 'tanggung_jawab', 11, 5, '1.00', '2025-06-21 10:34:37'),
(2483, 'tanggung_jawab', 5, 12, '1.00', '2025-06-21 10:34:37'),
(2484, 'tanggung_jawab', 12, 5, '1.00', '2025-06-21 10:34:37'),
(2485, 'tanggung_jawab', 5, 13, '1.00', '2025-06-21 10:34:37'),
(2486, 'tanggung_jawab', 13, 5, '1.00', '2025-06-21 10:34:37'),
(2487, 'tanggung_jawab', 5, 3, '1.00', '2025-06-21 10:34:37'),
(2488, 'tanggung_jawab', 3, 5, '1.00', '2025-06-21 10:34:37'),
(2489, 'tanggung_jawab', 5, 14, '1.00', '2025-06-21 10:34:37'),
(2490, 'tanggung_jawab', 14, 5, '1.00', '2025-06-21 10:34:37'),
(2491, 'tanggung_jawab', 5, 4, '1.00', '2025-06-21 10:34:37'),
(2492, 'tanggung_jawab', 4, 5, '1.00', '2025-06-21 10:34:37'),
(2493, 'tanggung_jawab', 5, 15, '1.00', '2025-06-21 10:34:37'),
(2494, 'tanggung_jawab', 15, 5, '1.00', '2025-06-21 10:34:37'),
(2495, 'tanggung_jawab', 5, 16, '1.00', '2025-06-21 10:34:37'),
(2496, 'tanggung_jawab', 16, 5, '1.00', '2025-06-21 10:34:37'),
(2497, 'tanggung_jawab', 17, 18, '1.00', '2025-06-21 10:34:37'),
(2498, 'tanggung_jawab', 18, 17, '1.00', '2025-06-21 10:34:37'),
(2499, 'tanggung_jawab', 17, 6, '1.00', '2025-06-21 10:34:37'),
(2500, 'tanggung_jawab', 6, 17, '1.00', '2025-06-21 10:34:37'),
(2501, 'tanggung_jawab', 17, 19, '1.00', '2025-06-21 10:34:37'),
(2502, 'tanggung_jawab', 19, 17, '1.00', '2025-06-21 10:34:37'),
(2503, 'tanggung_jawab', 17, 1, '1.00', '2025-06-21 10:34:37'),
(2504, 'tanggung_jawab', 1, 17, '1.00', '2025-06-21 10:34:37'),
(2505, 'tanggung_jawab', 17, 7, '1.00', '2025-06-21 10:34:37'),
(2506, 'tanggung_jawab', 7, 17, '1.00', '2025-06-21 10:34:37'),
(2507, 'tanggung_jawab', 17, 20, '1.00', '2025-06-21 10:34:37'),
(2508, 'tanggung_jawab', 20, 17, '1.00', '2025-06-21 10:34:37'),
(2509, 'tanggung_jawab', 17, 8, '1.00', '2025-06-21 10:34:37'),
(2510, 'tanggung_jawab', 8, 17, '1.00', '2025-06-21 10:34:37'),
(2511, 'tanggung_jawab', 17, 2, '1.00', '2025-06-21 10:34:37'),
(2512, 'tanggung_jawab', 2, 17, '1.00', '2025-06-21 10:34:37'),
(2513, 'tanggung_jawab', 17, 9, '1.00', '2025-06-21 10:34:37'),
(2514, 'tanggung_jawab', 9, 17, '1.00', '2025-06-21 10:34:37'),
(2515, 'tanggung_jawab', 17, 10, '1.00', '2025-06-21 10:34:37'),
(2516, 'tanggung_jawab', 10, 17, '1.00', '2025-06-21 10:34:37'),
(2517, 'tanggung_jawab', 17, 11, '1.00', '2025-06-21 10:34:37'),
(2518, 'tanggung_jawab', 11, 17, '1.00', '2025-06-21 10:34:37'),
(2519, 'tanggung_jawab', 17, 12, '1.00', '2025-06-21 10:34:37'),
(2520, 'tanggung_jawab', 12, 17, '1.00', '2025-06-21 10:34:37'),
(2521, 'tanggung_jawab', 17, 13, '1.00', '2025-06-21 10:34:37'),
(2522, 'tanggung_jawab', 13, 17, '1.00', '2025-06-21 10:34:37'),
(2523, 'tanggung_jawab', 17, 3, '1.00', '2025-06-21 10:34:37'),
(2524, 'tanggung_jawab', 3, 17, '1.00', '2025-06-21 10:34:37'),
(2525, 'tanggung_jawab', 17, 14, '1.00', '2025-06-21 10:34:37'),
(2526, 'tanggung_jawab', 14, 17, '1.00', '2025-06-21 10:34:37'),
(2527, 'tanggung_jawab', 17, 4, '1.00', '2025-06-21 10:34:37'),
(2528, 'tanggung_jawab', 4, 17, '1.00', '2025-06-21 10:34:37'),
(2529, 'tanggung_jawab', 17, 15, '1.00', '2025-06-21 10:34:37'),
(2530, 'tanggung_jawab', 15, 17, '1.00', '2025-06-21 10:34:37'),
(2531, 'tanggung_jawab', 17, 16, '1.00', '2025-06-21 10:34:37'),
(2532, 'tanggung_jawab', 16, 17, '1.00', '2025-06-21 10:34:37'),
(2533, 'tanggung_jawab', 18, 6, '1.00', '2025-06-21 10:34:37'),
(2534, 'tanggung_jawab', 6, 18, '1.00', '2025-06-21 10:34:37'),
(2535, 'tanggung_jawab', 18, 19, '1.00', '2025-06-21 10:34:37'),
(2536, 'tanggung_jawab', 19, 18, '1.00', '2025-06-21 10:34:37'),
(2537, 'tanggung_jawab', 18, 1, '1.00', '2025-06-21 10:34:37'),
(2538, 'tanggung_jawab', 1, 18, '1.00', '2025-06-21 10:34:37'),
(2539, 'tanggung_jawab', 18, 7, '1.00', '2025-06-21 10:34:37'),
(2540, 'tanggung_jawab', 7, 18, '1.00', '2025-06-21 10:34:37'),
(2541, 'tanggung_jawab', 18, 20, '1.00', '2025-06-21 10:34:37'),
(2542, 'tanggung_jawab', 20, 18, '1.00', '2025-06-21 10:34:37'),
(2543, 'tanggung_jawab', 18, 8, '1.00', '2025-06-21 10:34:37'),
(2544, 'tanggung_jawab', 8, 18, '1.00', '2025-06-21 10:34:37'),
(2545, 'tanggung_jawab', 18, 2, '1.00', '2025-06-21 10:34:37'),
(2546, 'tanggung_jawab', 2, 18, '1.00', '2025-06-21 10:34:37'),
(2547, 'tanggung_jawab', 18, 9, '1.00', '2025-06-21 10:34:37'),
(2548, 'tanggung_jawab', 9, 18, '1.00', '2025-06-21 10:34:37'),
(2549, 'tanggung_jawab', 18, 10, '1.00', '2025-06-21 10:34:37'),
(2550, 'tanggung_jawab', 10, 18, '1.00', '2025-06-21 10:34:37'),
(2551, 'tanggung_jawab', 18, 11, '1.00', '2025-06-21 10:34:37'),
(2552, 'tanggung_jawab', 11, 18, '1.00', '2025-06-21 10:34:37'),
(2553, 'tanggung_jawab', 18, 12, '1.00', '2025-06-21 10:34:37'),
(2554, 'tanggung_jawab', 12, 18, '1.00', '2025-06-21 10:34:37'),
(2555, 'tanggung_jawab', 18, 13, '1.00', '2025-06-21 10:34:37'),
(2556, 'tanggung_jawab', 13, 18, '1.00', '2025-06-21 10:34:37');
INSERT INTO `pairwise_alternatif` (`id`, `kriteria`, `karyawan1`, `karyawan2`, `nilai`, `created_at`) VALUES
(2557, 'tanggung_jawab', 18, 3, '1.00', '2025-06-21 10:34:37'),
(2558, 'tanggung_jawab', 3, 18, '1.00', '2025-06-21 10:34:37'),
(2559, 'tanggung_jawab', 18, 14, '1.00', '2025-06-21 10:34:37'),
(2560, 'tanggung_jawab', 14, 18, '1.00', '2025-06-21 10:34:37'),
(2561, 'tanggung_jawab', 18, 4, '1.00', '2025-06-21 10:34:37'),
(2562, 'tanggung_jawab', 4, 18, '1.00', '2025-06-21 10:34:37'),
(2563, 'tanggung_jawab', 18, 15, '1.00', '2025-06-21 10:34:37'),
(2564, 'tanggung_jawab', 15, 18, '1.00', '2025-06-21 10:34:37'),
(2565, 'tanggung_jawab', 18, 16, '1.00', '2025-06-21 10:34:37'),
(2566, 'tanggung_jawab', 16, 18, '1.00', '2025-06-21 10:34:37'),
(2567, 'tanggung_jawab', 6, 19, '1.00', '2025-06-21 10:34:37'),
(2568, 'tanggung_jawab', 19, 6, '1.00', '2025-06-21 10:34:37'),
(2569, 'tanggung_jawab', 6, 1, '1.00', '2025-06-21 10:34:37'),
(2570, 'tanggung_jawab', 1, 6, '1.00', '2025-06-21 10:34:37'),
(2571, 'tanggung_jawab', 6, 7, '1.00', '2025-06-21 10:34:37'),
(2572, 'tanggung_jawab', 7, 6, '1.00', '2025-06-21 10:34:37'),
(2573, 'tanggung_jawab', 6, 20, '1.00', '2025-06-21 10:34:37'),
(2574, 'tanggung_jawab', 20, 6, '1.00', '2025-06-21 10:34:37'),
(2575, 'tanggung_jawab', 6, 8, '1.00', '2025-06-21 10:34:37'),
(2576, 'tanggung_jawab', 8, 6, '1.00', '2025-06-21 10:34:37'),
(2577, 'tanggung_jawab', 6, 2, '1.00', '2025-06-21 10:34:37'),
(2578, 'tanggung_jawab', 2, 6, '1.00', '2025-06-21 10:34:37'),
(2579, 'tanggung_jawab', 6, 9, '1.00', '2025-06-21 10:34:37'),
(2580, 'tanggung_jawab', 9, 6, '1.00', '2025-06-21 10:34:37'),
(2581, 'tanggung_jawab', 6, 10, '1.00', '2025-06-21 10:34:37'),
(2582, 'tanggung_jawab', 10, 6, '1.00', '2025-06-21 10:34:37'),
(2583, 'tanggung_jawab', 6, 11, '1.00', '2025-06-21 10:34:37'),
(2584, 'tanggung_jawab', 11, 6, '1.00', '2025-06-21 10:34:37'),
(2585, 'tanggung_jawab', 6, 12, '1.00', '2025-06-21 10:34:37'),
(2586, 'tanggung_jawab', 12, 6, '1.00', '2025-06-21 10:34:37'),
(2587, 'tanggung_jawab', 6, 13, '1.00', '2025-06-21 10:34:37'),
(2588, 'tanggung_jawab', 13, 6, '1.00', '2025-06-21 10:34:37'),
(2589, 'tanggung_jawab', 6, 3, '1.00', '2025-06-21 10:34:37'),
(2590, 'tanggung_jawab', 3, 6, '1.00', '2025-06-21 10:34:37'),
(2591, 'tanggung_jawab', 6, 14, '1.00', '2025-06-21 10:34:37'),
(2592, 'tanggung_jawab', 14, 6, '1.00', '2025-06-21 10:34:37'),
(2593, 'tanggung_jawab', 6, 4, '1.00', '2025-06-21 10:34:37'),
(2594, 'tanggung_jawab', 4, 6, '1.00', '2025-06-21 10:34:37'),
(2595, 'tanggung_jawab', 6, 15, '1.00', '2025-06-21 10:34:37'),
(2596, 'tanggung_jawab', 15, 6, '1.00', '2025-06-21 10:34:37'),
(2597, 'tanggung_jawab', 6, 16, '1.00', '2025-06-21 10:34:37'),
(2598, 'tanggung_jawab', 16, 6, '1.00', '2025-06-21 10:34:37'),
(2599, 'tanggung_jawab', 19, 1, '1.00', '2025-06-21 10:34:37'),
(2600, 'tanggung_jawab', 1, 19, '1.00', '2025-06-21 10:34:37'),
(2601, 'tanggung_jawab', 19, 7, '1.00', '2025-06-21 10:34:37'),
(2602, 'tanggung_jawab', 7, 19, '1.00', '2025-06-21 10:34:37'),
(2603, 'tanggung_jawab', 19, 20, '1.00', '2025-06-21 10:34:37'),
(2604, 'tanggung_jawab', 20, 19, '1.00', '2025-06-21 10:34:37'),
(2605, 'tanggung_jawab', 19, 8, '1.00', '2025-06-21 10:34:37'),
(2606, 'tanggung_jawab', 8, 19, '1.00', '2025-06-21 10:34:37'),
(2607, 'tanggung_jawab', 19, 2, '1.00', '2025-06-21 10:34:37'),
(2608, 'tanggung_jawab', 2, 19, '1.00', '2025-06-21 10:34:37'),
(2609, 'tanggung_jawab', 19, 9, '1.00', '2025-06-21 10:34:37'),
(2610, 'tanggung_jawab', 9, 19, '1.00', '2025-06-21 10:34:37'),
(2611, 'tanggung_jawab', 19, 10, '1.00', '2025-06-21 10:34:37'),
(2612, 'tanggung_jawab', 10, 19, '1.00', '2025-06-21 10:34:37'),
(2613, 'tanggung_jawab', 19, 11, '1.00', '2025-06-21 10:34:37'),
(2614, 'tanggung_jawab', 11, 19, '1.00', '2025-06-21 10:34:37'),
(2615, 'tanggung_jawab', 19, 12, '1.00', '2025-06-21 10:34:37'),
(2616, 'tanggung_jawab', 12, 19, '1.00', '2025-06-21 10:34:37'),
(2617, 'tanggung_jawab', 19, 13, '1.00', '2025-06-21 10:34:37'),
(2618, 'tanggung_jawab', 13, 19, '1.00', '2025-06-21 10:34:37'),
(2619, 'tanggung_jawab', 19, 3, '1.00', '2025-06-21 10:34:37'),
(2620, 'tanggung_jawab', 3, 19, '1.00', '2025-06-21 10:34:37'),
(2621, 'tanggung_jawab', 19, 14, '1.00', '2025-06-21 10:34:37'),
(2622, 'tanggung_jawab', 14, 19, '1.00', '2025-06-21 10:34:37'),
(2623, 'tanggung_jawab', 19, 4, '1.00', '2025-06-21 10:34:37'),
(2624, 'tanggung_jawab', 4, 19, '1.00', '2025-06-21 10:34:37'),
(2625, 'tanggung_jawab', 19, 15, '1.00', '2025-06-21 10:34:37'),
(2626, 'tanggung_jawab', 15, 19, '1.00', '2025-06-21 10:34:37'),
(2627, 'tanggung_jawab', 19, 16, '1.00', '2025-06-21 10:34:37'),
(2628, 'tanggung_jawab', 16, 19, '1.00', '2025-06-21 10:34:37'),
(2629, 'tanggung_jawab', 1, 7, '5.00', '2025-06-21 10:34:37'),
(2630, 'tanggung_jawab', 7, 1, '0.20', '2025-06-21 10:34:37'),
(2631, 'tanggung_jawab', 1, 20, '1.00', '2025-06-21 10:34:37'),
(2632, 'tanggung_jawab', 20, 1, '1.00', '2025-06-21 10:34:37'),
(2633, 'tanggung_jawab', 1, 8, '7.00', '2025-06-21 10:34:37'),
(2634, 'tanggung_jawab', 8, 1, '0.14', '2025-06-21 10:34:37'),
(2635, 'tanggung_jawab', 1, 2, '5.00', '2025-06-21 10:34:37'),
(2636, 'tanggung_jawab', 2, 1, '0.20', '2025-06-21 10:34:37'),
(2637, 'tanggung_jawab', 1, 9, '1.00', '2025-06-21 10:34:37'),
(2638, 'tanggung_jawab', 9, 1, '1.00', '2025-06-21 10:34:37'),
(2639, 'tanggung_jawab', 1, 10, '1.00', '2025-06-21 10:34:37'),
(2640, 'tanggung_jawab', 10, 1, '1.00', '2025-06-21 10:34:37'),
(2641, 'tanggung_jawab', 1, 11, '3.00', '2025-06-21 10:34:37'),
(2642, 'tanggung_jawab', 11, 1, '0.33', '2025-06-21 10:34:37'),
(2643, 'tanggung_jawab', 1, 12, '5.00', '2025-06-21 10:34:37'),
(2644, 'tanggung_jawab', 12, 1, '0.20', '2025-06-21 10:34:37'),
(2645, 'tanggung_jawab', 1, 13, '7.00', '2025-06-21 10:34:37'),
(2646, 'tanggung_jawab', 13, 1, '0.14', '2025-06-21 10:34:37'),
(2647, 'tanggung_jawab', 1, 3, '7.00', '2025-06-21 10:34:37'),
(2648, 'tanggung_jawab', 3, 1, '0.14', '2025-06-21 10:34:37'),
(2649, 'tanggung_jawab', 1, 14, '1.00', '2025-06-21 10:34:37'),
(2650, 'tanggung_jawab', 14, 1, '1.00', '2025-06-21 10:34:37'),
(2651, 'tanggung_jawab', 1, 4, '9.00', '2025-06-21 10:34:37'),
(2652, 'tanggung_jawab', 4, 1, '0.11', '2025-06-21 10:34:37'),
(2653, 'tanggung_jawab', 1, 15, '1.00', '2025-06-21 10:34:37'),
(2654, 'tanggung_jawab', 15, 1, '1.00', '2025-06-21 10:34:37'),
(2655, 'tanggung_jawab', 1, 16, '3.00', '2025-06-21 10:34:37'),
(2656, 'tanggung_jawab', 16, 1, '0.33', '2025-06-21 10:34:37'),
(2657, 'tanggung_jawab', 7, 20, '1.00', '2025-06-21 10:34:37'),
(2658, 'tanggung_jawab', 20, 7, '1.00', '2025-06-21 10:34:37'),
(2659, 'tanggung_jawab', 7, 8, '1.00', '2025-06-21 10:34:37'),
(2660, 'tanggung_jawab', 8, 7, '1.00', '2025-06-21 10:34:37'),
(2661, 'tanggung_jawab', 7, 2, '1.00', '2025-06-21 10:34:37'),
(2662, 'tanggung_jawab', 2, 7, '1.00', '2025-06-21 10:34:37'),
(2663, 'tanggung_jawab', 7, 9, '1.00', '2025-06-21 10:34:37'),
(2664, 'tanggung_jawab', 9, 7, '1.00', '2025-06-21 10:34:37'),
(2665, 'tanggung_jawab', 7, 10, '1.00', '2025-06-21 10:34:37'),
(2666, 'tanggung_jawab', 10, 7, '1.00', '2025-06-21 10:34:37'),
(2667, 'tanggung_jawab', 7, 11, '1.00', '2025-06-21 10:34:37'),
(2668, 'tanggung_jawab', 11, 7, '1.00', '2025-06-21 10:34:37'),
(2669, 'tanggung_jawab', 7, 12, '1.00', '2025-06-21 10:34:37'),
(2670, 'tanggung_jawab', 12, 7, '1.00', '2025-06-21 10:34:37'),
(2671, 'tanggung_jawab', 7, 13, '1.00', '2025-06-21 10:34:37'),
(2672, 'tanggung_jawab', 13, 7, '1.00', '2025-06-21 10:34:37'),
(2673, 'tanggung_jawab', 7, 3, '1.00', '2025-06-21 10:34:37'),
(2674, 'tanggung_jawab', 3, 7, '1.00', '2025-06-21 10:34:37'),
(2675, 'tanggung_jawab', 7, 14, '1.00', '2025-06-21 10:34:37'),
(2676, 'tanggung_jawab', 14, 7, '1.00', '2025-06-21 10:34:37'),
(2677, 'tanggung_jawab', 7, 4, '1.00', '2025-06-21 10:34:37'),
(2678, 'tanggung_jawab', 4, 7, '1.00', '2025-06-21 10:34:37'),
(2679, 'tanggung_jawab', 7, 15, '1.00', '2025-06-21 10:34:37'),
(2680, 'tanggung_jawab', 15, 7, '1.00', '2025-06-21 10:34:37'),
(2681, 'tanggung_jawab', 7, 16, '1.00', '2025-06-21 10:34:37'),
(2682, 'tanggung_jawab', 16, 7, '1.00', '2025-06-21 10:34:37'),
(2683, 'tanggung_jawab', 20, 8, '1.00', '2025-06-21 10:34:37'),
(2684, 'tanggung_jawab', 8, 20, '1.00', '2025-06-21 10:34:37'),
(2685, 'tanggung_jawab', 20, 2, '1.00', '2025-06-21 10:34:37'),
(2686, 'tanggung_jawab', 2, 20, '1.00', '2025-06-21 10:34:37'),
(2687, 'tanggung_jawab', 20, 9, '1.00', '2025-06-21 10:34:37'),
(2688, 'tanggung_jawab', 9, 20, '1.00', '2025-06-21 10:34:37'),
(2689, 'tanggung_jawab', 20, 10, '1.00', '2025-06-21 10:34:37'),
(2690, 'tanggung_jawab', 10, 20, '1.00', '2025-06-21 10:34:37'),
(2691, 'tanggung_jawab', 20, 11, '1.00', '2025-06-21 10:34:37'),
(2692, 'tanggung_jawab', 11, 20, '1.00', '2025-06-21 10:34:37'),
(2693, 'tanggung_jawab', 20, 12, '1.00', '2025-06-21 10:34:37'),
(2694, 'tanggung_jawab', 12, 20, '1.00', '2025-06-21 10:34:37'),
(2695, 'tanggung_jawab', 20, 13, '1.00', '2025-06-21 10:34:37'),
(2696, 'tanggung_jawab', 13, 20, '1.00', '2025-06-21 10:34:37'),
(2697, 'tanggung_jawab', 20, 3, '1.00', '2025-06-21 10:34:37'),
(2698, 'tanggung_jawab', 3, 20, '1.00', '2025-06-21 10:34:37'),
(2699, 'tanggung_jawab', 20, 14, '1.00', '2025-06-21 10:34:37'),
(2700, 'tanggung_jawab', 14, 20, '1.00', '2025-06-21 10:34:37'),
(2701, 'tanggung_jawab', 20, 4, '1.00', '2025-06-21 10:34:37'),
(2702, 'tanggung_jawab', 4, 20, '1.00', '2025-06-21 10:34:37'),
(2703, 'tanggung_jawab', 20, 15, '1.00', '2025-06-21 10:34:37'),
(2704, 'tanggung_jawab', 15, 20, '1.00', '2025-06-21 10:34:37'),
(2705, 'tanggung_jawab', 20, 16, '1.00', '2025-06-21 10:34:37'),
(2706, 'tanggung_jawab', 16, 20, '1.00', '2025-06-21 10:34:37'),
(2707, 'tanggung_jawab', 8, 2, '1.00', '2025-06-21 10:34:37'),
(2708, 'tanggung_jawab', 2, 8, '1.00', '2025-06-21 10:34:37'),
(2709, 'tanggung_jawab', 8, 9, '1.00', '2025-06-21 10:34:37'),
(2710, 'tanggung_jawab', 9, 8, '1.00', '2025-06-21 10:34:37'),
(2711, 'tanggung_jawab', 8, 10, '1.00', '2025-06-21 10:34:37'),
(2712, 'tanggung_jawab', 10, 8, '1.00', '2025-06-21 10:34:37'),
(2713, 'tanggung_jawab', 8, 11, '1.00', '2025-06-21 10:34:37'),
(2714, 'tanggung_jawab', 11, 8, '1.00', '2025-06-21 10:34:37'),
(2715, 'tanggung_jawab', 8, 12, '1.00', '2025-06-21 10:34:37'),
(2716, 'tanggung_jawab', 12, 8, '1.00', '2025-06-21 10:34:37'),
(2717, 'tanggung_jawab', 8, 13, '1.00', '2025-06-21 10:34:37'),
(2718, 'tanggung_jawab', 13, 8, '1.00', '2025-06-21 10:34:37'),
(2719, 'tanggung_jawab', 8, 3, '1.00', '2025-06-21 10:34:37'),
(2720, 'tanggung_jawab', 3, 8, '1.00', '2025-06-21 10:34:37'),
(2721, 'tanggung_jawab', 8, 14, '1.00', '2025-06-21 10:34:37'),
(2722, 'tanggung_jawab', 14, 8, '1.00', '2025-06-21 10:34:37'),
(2723, 'tanggung_jawab', 8, 4, '1.00', '2025-06-21 10:34:37'),
(2724, 'tanggung_jawab', 4, 8, '1.00', '2025-06-21 10:34:37'),
(2725, 'tanggung_jawab', 8, 15, '1.00', '2025-06-21 10:34:37'),
(2726, 'tanggung_jawab', 15, 8, '1.00', '2025-06-21 10:34:37'),
(2727, 'tanggung_jawab', 8, 16, '1.00', '2025-06-21 10:34:37'),
(2728, 'tanggung_jawab', 16, 8, '1.00', '2025-06-21 10:34:37'),
(2729, 'tanggung_jawab', 2, 9, '5.00', '2025-06-21 10:34:37'),
(2730, 'tanggung_jawab', 9, 2, '0.20', '2025-06-21 10:34:37'),
(2731, 'tanggung_jawab', 2, 10, '7.00', '2025-06-21 10:34:37'),
(2732, 'tanggung_jawab', 10, 2, '0.14', '2025-06-21 10:34:37'),
(2733, 'tanggung_jawab', 2, 11, '9.00', '2025-06-21 10:34:37'),
(2734, 'tanggung_jawab', 11, 2, '0.11', '2025-06-21 10:34:37'),
(2735, 'tanggung_jawab', 2, 12, '1.00', '2025-06-21 10:34:37'),
(2736, 'tanggung_jawab', 12, 2, '1.00', '2025-06-21 10:34:37'),
(2737, 'tanggung_jawab', 2, 13, '3.00', '2025-06-21 10:34:37'),
(2738, 'tanggung_jawab', 13, 2, '0.33', '2025-06-21 10:34:37'),
(2739, 'tanggung_jawab', 2, 3, '3.00', '2025-06-21 10:34:37'),
(2740, 'tanggung_jawab', 3, 2, '0.33', '2025-06-21 10:34:37'),
(2741, 'tanggung_jawab', 2, 14, '5.00', '2025-06-21 10:34:37'),
(2742, 'tanggung_jawab', 14, 2, '0.20', '2025-06-21 10:34:37'),
(2743, 'tanggung_jawab', 2, 4, '5.00', '2025-06-21 10:34:37'),
(2744, 'tanggung_jawab', 4, 2, '0.20', '2025-06-21 10:34:37'),
(2745, 'tanggung_jawab', 2, 15, '7.00', '2025-06-21 10:34:37'),
(2746, 'tanggung_jawab', 15, 2, '0.14', '2025-06-21 10:34:37'),
(2747, 'tanggung_jawab', 2, 16, '9.00', '2025-06-21 10:34:37'),
(2748, 'tanggung_jawab', 16, 2, '0.11', '2025-06-21 10:34:37'),
(2749, 'tanggung_jawab', 9, 10, '1.00', '2025-06-21 10:34:37'),
(2750, 'tanggung_jawab', 10, 9, '1.00', '2025-06-21 10:34:37'),
(2751, 'tanggung_jawab', 9, 11, '1.00', '2025-06-21 10:34:37'),
(2752, 'tanggung_jawab', 11, 9, '1.00', '2025-06-21 10:34:37'),
(2753, 'tanggung_jawab', 9, 12, '1.00', '2025-06-21 10:34:37'),
(2754, 'tanggung_jawab', 12, 9, '1.00', '2025-06-21 10:34:37'),
(2755, 'tanggung_jawab', 9, 13, '1.00', '2025-06-21 10:34:37'),
(2756, 'tanggung_jawab', 13, 9, '1.00', '2025-06-21 10:34:37'),
(2757, 'tanggung_jawab', 9, 3, '1.00', '2025-06-21 10:34:37'),
(2758, 'tanggung_jawab', 3, 9, '1.00', '2025-06-21 10:34:37'),
(2759, 'tanggung_jawab', 9, 14, '1.00', '2025-06-21 10:34:37'),
(2760, 'tanggung_jawab', 14, 9, '1.00', '2025-06-21 10:34:37'),
(2761, 'tanggung_jawab', 9, 4, '1.00', '2025-06-21 10:34:37'),
(2762, 'tanggung_jawab', 4, 9, '1.00', '2025-06-21 10:34:37'),
(2763, 'tanggung_jawab', 9, 15, '1.00', '2025-06-21 10:34:37'),
(2764, 'tanggung_jawab', 15, 9, '1.00', '2025-06-21 10:34:37'),
(2765, 'tanggung_jawab', 9, 16, '1.00', '2025-06-21 10:34:37'),
(2766, 'tanggung_jawab', 16, 9, '1.00', '2025-06-21 10:34:37'),
(2767, 'tanggung_jawab', 10, 11, '1.00', '2025-06-21 10:34:37'),
(2768, 'tanggung_jawab', 11, 10, '1.00', '2025-06-21 10:34:37'),
(2769, 'tanggung_jawab', 10, 12, '1.00', '2025-06-21 10:34:37'),
(2770, 'tanggung_jawab', 12, 10, '1.00', '2025-06-21 10:34:37'),
(2771, 'tanggung_jawab', 10, 13, '1.00', '2025-06-21 10:34:37'),
(2772, 'tanggung_jawab', 13, 10, '1.00', '2025-06-21 10:34:37'),
(2773, 'tanggung_jawab', 10, 3, '1.00', '2025-06-21 10:34:37'),
(2774, 'tanggung_jawab', 3, 10, '1.00', '2025-06-21 10:34:37'),
(2775, 'tanggung_jawab', 10, 14, '1.00', '2025-06-21 10:34:37'),
(2776, 'tanggung_jawab', 14, 10, '1.00', '2025-06-21 10:34:37'),
(2777, 'tanggung_jawab', 10, 4, '1.00', '2025-06-21 10:34:37'),
(2778, 'tanggung_jawab', 4, 10, '1.00', '2025-06-21 10:34:37'),
(2779, 'tanggung_jawab', 10, 15, '1.00', '2025-06-21 10:34:37'),
(2780, 'tanggung_jawab', 15, 10, '1.00', '2025-06-21 10:34:37'),
(2781, 'tanggung_jawab', 10, 16, '1.00', '2025-06-21 10:34:37'),
(2782, 'tanggung_jawab', 16, 10, '1.00', '2025-06-21 10:34:37'),
(2783, 'tanggung_jawab', 11, 12, '1.00', '2025-06-21 10:34:37'),
(2784, 'tanggung_jawab', 12, 11, '1.00', '2025-06-21 10:34:37'),
(2785, 'tanggung_jawab', 11, 13, '1.00', '2025-06-21 10:34:37'),
(2786, 'tanggung_jawab', 13, 11, '1.00', '2025-06-21 10:34:37'),
(2787, 'tanggung_jawab', 11, 3, '1.00', '2025-06-21 10:34:37'),
(2788, 'tanggung_jawab', 3, 11, '1.00', '2025-06-21 10:34:37'),
(2789, 'tanggung_jawab', 11, 14, '1.00', '2025-06-21 10:34:37'),
(2790, 'tanggung_jawab', 14, 11, '1.00', '2025-06-21 10:34:37'),
(2791, 'tanggung_jawab', 11, 4, '1.00', '2025-06-21 10:34:37'),
(2792, 'tanggung_jawab', 4, 11, '1.00', '2025-06-21 10:34:37'),
(2793, 'tanggung_jawab', 11, 15, '1.00', '2025-06-21 10:34:37'),
(2794, 'tanggung_jawab', 15, 11, '1.00', '2025-06-21 10:34:37'),
(2795, 'tanggung_jawab', 11, 16, '1.00', '2025-06-21 10:34:37'),
(2796, 'tanggung_jawab', 16, 11, '1.00', '2025-06-21 10:34:37'),
(2797, 'tanggung_jawab', 12, 13, '1.00', '2025-06-21 10:34:37'),
(2798, 'tanggung_jawab', 13, 12, '1.00', '2025-06-21 10:34:37'),
(2799, 'tanggung_jawab', 12, 3, '1.00', '2025-06-21 10:34:37'),
(2800, 'tanggung_jawab', 3, 12, '1.00', '2025-06-21 10:34:37'),
(2801, 'tanggung_jawab', 12, 14, '1.00', '2025-06-21 10:34:37'),
(2802, 'tanggung_jawab', 14, 12, '1.00', '2025-06-21 10:34:37'),
(2803, 'tanggung_jawab', 12, 4, '1.00', '2025-06-21 10:34:37'),
(2804, 'tanggung_jawab', 4, 12, '1.00', '2025-06-21 10:34:37'),
(2805, 'tanggung_jawab', 12, 15, '1.00', '2025-06-21 10:34:37'),
(2806, 'tanggung_jawab', 15, 12, '1.00', '2025-06-21 10:34:37'),
(2807, 'tanggung_jawab', 12, 16, '1.00', '2025-06-21 10:34:37'),
(2808, 'tanggung_jawab', 16, 12, '1.00', '2025-06-21 10:34:37'),
(2809, 'tanggung_jawab', 13, 3, '1.00', '2025-06-21 10:34:37'),
(2810, 'tanggung_jawab', 3, 13, '1.00', '2025-06-21 10:34:37'),
(2811, 'tanggung_jawab', 13, 14, '1.00', '2025-06-21 10:34:37'),
(2812, 'tanggung_jawab', 14, 13, '1.00', '2025-06-21 10:34:37'),
(2813, 'tanggung_jawab', 13, 4, '1.00', '2025-06-21 10:34:37'),
(2814, 'tanggung_jawab', 4, 13, '1.00', '2025-06-21 10:34:37'),
(2815, 'tanggung_jawab', 13, 15, '1.00', '2025-06-21 10:34:37'),
(2816, 'tanggung_jawab', 15, 13, '1.00', '2025-06-21 10:34:37'),
(2817, 'tanggung_jawab', 13, 16, '1.00', '2025-06-21 10:34:37'),
(2818, 'tanggung_jawab', 16, 13, '1.00', '2025-06-21 10:34:37'),
(2819, 'tanggung_jawab', 3, 14, '1.00', '2025-06-21 10:34:37'),
(2820, 'tanggung_jawab', 14, 3, '1.00', '2025-06-21 10:34:37'),
(2821, 'tanggung_jawab', 3, 4, '1.00', '2025-06-21 10:34:37'),
(2822, 'tanggung_jawab', 4, 3, '1.00', '2025-06-21 10:34:37'),
(2823, 'tanggung_jawab', 3, 15, '1.00', '2025-06-21 10:34:37'),
(2824, 'tanggung_jawab', 15, 3, '1.00', '2025-06-21 10:34:37'),
(2825, 'tanggung_jawab', 3, 16, '1.00', '2025-06-21 10:34:37'),
(2826, 'tanggung_jawab', 16, 3, '1.00', '2025-06-21 10:34:37'),
(2827, 'tanggung_jawab', 14, 4, '1.00', '2025-06-21 10:34:37'),
(2828, 'tanggung_jawab', 4, 14, '1.00', '2025-06-21 10:34:37'),
(2829, 'tanggung_jawab', 14, 15, '1.00', '2025-06-21 10:34:37'),
(2830, 'tanggung_jawab', 15, 14, '1.00', '2025-06-21 10:34:38'),
(2831, 'tanggung_jawab', 14, 16, '1.00', '2025-06-21 10:34:38'),
(2832, 'tanggung_jawab', 16, 14, '1.00', '2025-06-21 10:34:38'),
(2833, 'tanggung_jawab', 4, 15, '1.00', '2025-06-21 10:34:38'),
(2834, 'tanggung_jawab', 15, 4, '1.00', '2025-06-21 10:34:38'),
(2835, 'tanggung_jawab', 4, 16, '1.00', '2025-06-21 10:34:38'),
(2836, 'tanggung_jawab', 16, 4, '1.00', '2025-06-21 10:34:38'),
(2837, 'tanggung_jawab', 15, 16, '1.00', '2025-06-21 10:34:38'),
(2838, 'tanggung_jawab', 16, 15, '1.00', '2025-06-21 10:34:38'),
(2839, 'kerja_sama', 5, 17, '1.00', '2025-06-21 10:35:02'),
(2840, 'kerja_sama', 17, 5, '1.00', '2025-06-21 10:35:02'),
(2841, 'kerja_sama', 5, 18, '1.00', '2025-06-21 10:35:02'),
(2842, 'kerja_sama', 18, 5, '1.00', '2025-06-21 10:35:02'),
(2843, 'kerja_sama', 5, 6, '1.00', '2025-06-21 10:35:02'),
(2844, 'kerja_sama', 6, 5, '1.00', '2025-06-21 10:35:02'),
(2845, 'kerja_sama', 5, 19, '1.00', '2025-06-21 10:35:02'),
(2846, 'kerja_sama', 19, 5, '1.00', '2025-06-21 10:35:02'),
(2847, 'kerja_sama', 5, 1, '1.00', '2025-06-21 10:35:02'),
(2848, 'kerja_sama', 1, 5, '1.00', '2025-06-21 10:35:02'),
(2849, 'kerja_sama', 5, 7, '1.00', '2025-06-21 10:35:02'),
(2850, 'kerja_sama', 7, 5, '1.00', '2025-06-21 10:35:02'),
(2851, 'kerja_sama', 5, 20, '1.00', '2025-06-21 10:35:02'),
(2852, 'kerja_sama', 20, 5, '1.00', '2025-06-21 10:35:02'),
(2853, 'kerja_sama', 5, 8, '1.00', '2025-06-21 10:35:02'),
(2854, 'kerja_sama', 8, 5, '1.00', '2025-06-21 10:35:02'),
(2855, 'kerja_sama', 5, 2, '1.00', '2025-06-21 10:35:02'),
(2856, 'kerja_sama', 2, 5, '1.00', '2025-06-21 10:35:02'),
(2857, 'kerja_sama', 5, 9, '1.00', '2025-06-21 10:35:02'),
(2858, 'kerja_sama', 9, 5, '1.00', '2025-06-21 10:35:02'),
(2859, 'kerja_sama', 5, 10, '1.00', '2025-06-21 10:35:02'),
(2860, 'kerja_sama', 10, 5, '1.00', '2025-06-21 10:35:02'),
(2861, 'kerja_sama', 5, 11, '1.00', '2025-06-21 10:35:02'),
(2862, 'kerja_sama', 11, 5, '1.00', '2025-06-21 10:35:02'),
(2863, 'kerja_sama', 5, 12, '1.00', '2025-06-21 10:35:02'),
(2864, 'kerja_sama', 12, 5, '1.00', '2025-06-21 10:35:02'),
(2865, 'kerja_sama', 5, 13, '1.00', '2025-06-21 10:35:02'),
(2866, 'kerja_sama', 13, 5, '1.00', '2025-06-21 10:35:02'),
(2867, 'kerja_sama', 5, 3, '1.00', '2025-06-21 10:35:02'),
(2868, 'kerja_sama', 3, 5, '1.00', '2025-06-21 10:35:02'),
(2869, 'kerja_sama', 5, 14, '1.00', '2025-06-21 10:35:02'),
(2870, 'kerja_sama', 14, 5, '1.00', '2025-06-21 10:35:02'),
(2871, 'kerja_sama', 5, 4, '1.00', '2025-06-21 10:35:02'),
(2872, 'kerja_sama', 4, 5, '1.00', '2025-06-21 10:35:02'),
(2873, 'kerja_sama', 5, 15, '1.00', '2025-06-21 10:35:02'),
(2874, 'kerja_sama', 15, 5, '1.00', '2025-06-21 10:35:02'),
(2875, 'kerja_sama', 5, 16, '1.00', '2025-06-21 10:35:02'),
(2876, 'kerja_sama', 16, 5, '1.00', '2025-06-21 10:35:02'),
(2877, 'kerja_sama', 17, 18, '1.00', '2025-06-21 10:35:02'),
(2878, 'kerja_sama', 18, 17, '1.00', '2025-06-21 10:35:02'),
(2879, 'kerja_sama', 17, 6, '1.00', '2025-06-21 10:35:02'),
(2880, 'kerja_sama', 6, 17, '1.00', '2025-06-21 10:35:02'),
(2881, 'kerja_sama', 17, 19, '1.00', '2025-06-21 10:35:02'),
(2882, 'kerja_sama', 19, 17, '1.00', '2025-06-21 10:35:02'),
(2883, 'kerja_sama', 17, 1, '1.00', '2025-06-21 10:35:02'),
(2884, 'kerja_sama', 1, 17, '1.00', '2025-06-21 10:35:02'),
(2885, 'kerja_sama', 17, 7, '1.00', '2025-06-21 10:35:02'),
(2886, 'kerja_sama', 7, 17, '1.00', '2025-06-21 10:35:02'),
(2887, 'kerja_sama', 17, 20, '1.00', '2025-06-21 10:35:02'),
(2888, 'kerja_sama', 20, 17, '1.00', '2025-06-21 10:35:02'),
(2889, 'kerja_sama', 17, 8, '1.00', '2025-06-21 10:35:02'),
(2890, 'kerja_sama', 8, 17, '1.00', '2025-06-21 10:35:02'),
(2891, 'kerja_sama', 17, 2, '1.00', '2025-06-21 10:35:02'),
(2892, 'kerja_sama', 2, 17, '1.00', '2025-06-21 10:35:02'),
(2893, 'kerja_sama', 17, 9, '1.00', '2025-06-21 10:35:02'),
(2894, 'kerja_sama', 9, 17, '1.00', '2025-06-21 10:35:02'),
(2895, 'kerja_sama', 17, 10, '1.00', '2025-06-21 10:35:02'),
(2896, 'kerja_sama', 10, 17, '1.00', '2025-06-21 10:35:02'),
(2897, 'kerja_sama', 17, 11, '1.00', '2025-06-21 10:35:02'),
(2898, 'kerja_sama', 11, 17, '1.00', '2025-06-21 10:35:02'),
(2899, 'kerja_sama', 17, 12, '1.00', '2025-06-21 10:35:02'),
(2900, 'kerja_sama', 12, 17, '1.00', '2025-06-21 10:35:02'),
(2901, 'kerja_sama', 17, 13, '1.00', '2025-06-21 10:35:02'),
(2902, 'kerja_sama', 13, 17, '1.00', '2025-06-21 10:35:02'),
(2903, 'kerja_sama', 17, 3, '1.00', '2025-06-21 10:35:02'),
(2904, 'kerja_sama', 3, 17, '1.00', '2025-06-21 10:35:02'),
(2905, 'kerja_sama', 17, 14, '1.00', '2025-06-21 10:35:02'),
(2906, 'kerja_sama', 14, 17, '1.00', '2025-06-21 10:35:02'),
(2907, 'kerja_sama', 17, 4, '1.00', '2025-06-21 10:35:02'),
(2908, 'kerja_sama', 4, 17, '1.00', '2025-06-21 10:35:02'),
(2909, 'kerja_sama', 17, 15, '1.00', '2025-06-21 10:35:02'),
(2910, 'kerja_sama', 15, 17, '1.00', '2025-06-21 10:35:02'),
(2911, 'kerja_sama', 17, 16, '1.00', '2025-06-21 10:35:02'),
(2912, 'kerja_sama', 16, 17, '1.00', '2025-06-21 10:35:02'),
(2913, 'kerja_sama', 18, 6, '1.00', '2025-06-21 10:35:02'),
(2914, 'kerja_sama', 6, 18, '1.00', '2025-06-21 10:35:02'),
(2915, 'kerja_sama', 18, 19, '1.00', '2025-06-21 10:35:02'),
(2916, 'kerja_sama', 19, 18, '1.00', '2025-06-21 10:35:02'),
(2917, 'kerja_sama', 18, 1, '1.00', '2025-06-21 10:35:02'),
(2918, 'kerja_sama', 1, 18, '1.00', '2025-06-21 10:35:02'),
(2919, 'kerja_sama', 18, 7, '1.00', '2025-06-21 10:35:02'),
(2920, 'kerja_sama', 7, 18, '1.00', '2025-06-21 10:35:02'),
(2921, 'kerja_sama', 18, 20, '1.00', '2025-06-21 10:35:02'),
(2922, 'kerja_sama', 20, 18, '1.00', '2025-06-21 10:35:02'),
(2923, 'kerja_sama', 18, 8, '1.00', '2025-06-21 10:35:02'),
(2924, 'kerja_sama', 8, 18, '1.00', '2025-06-21 10:35:02'),
(2925, 'kerja_sama', 18, 2, '1.00', '2025-06-21 10:35:02'),
(2926, 'kerja_sama', 2, 18, '1.00', '2025-06-21 10:35:02'),
(2927, 'kerja_sama', 18, 9, '1.00', '2025-06-21 10:35:02'),
(2928, 'kerja_sama', 9, 18, '1.00', '2025-06-21 10:35:03'),
(2929, 'kerja_sama', 18, 10, '1.00', '2025-06-21 10:35:03'),
(2930, 'kerja_sama', 10, 18, '1.00', '2025-06-21 10:35:03'),
(2931, 'kerja_sama', 18, 11, '1.00', '2025-06-21 10:35:03'),
(2932, 'kerja_sama', 11, 18, '1.00', '2025-06-21 10:35:03'),
(2933, 'kerja_sama', 18, 12, '1.00', '2025-06-21 10:35:03'),
(2934, 'kerja_sama', 12, 18, '1.00', '2025-06-21 10:35:03'),
(2935, 'kerja_sama', 18, 13, '1.00', '2025-06-21 10:35:03'),
(2936, 'kerja_sama', 13, 18, '1.00', '2025-06-21 10:35:03'),
(2937, 'kerja_sama', 18, 3, '1.00', '2025-06-21 10:35:03'),
(2938, 'kerja_sama', 3, 18, '1.00', '2025-06-21 10:35:03'),
(2939, 'kerja_sama', 18, 14, '1.00', '2025-06-21 10:35:03'),
(2940, 'kerja_sama', 14, 18, '1.00', '2025-06-21 10:35:03'),
(2941, 'kerja_sama', 18, 4, '1.00', '2025-06-21 10:35:03'),
(2942, 'kerja_sama', 4, 18, '1.00', '2025-06-21 10:35:03'),
(2943, 'kerja_sama', 18, 15, '1.00', '2025-06-21 10:35:03'),
(2944, 'kerja_sama', 15, 18, '1.00', '2025-06-21 10:35:03'),
(2945, 'kerja_sama', 18, 16, '1.00', '2025-06-21 10:35:03'),
(2946, 'kerja_sama', 16, 18, '1.00', '2025-06-21 10:35:03'),
(2947, 'kerja_sama', 6, 19, '1.00', '2025-06-21 10:35:03'),
(2948, 'kerja_sama', 19, 6, '1.00', '2025-06-21 10:35:03'),
(2949, 'kerja_sama', 6, 1, '1.00', '2025-06-21 10:35:03'),
(2950, 'kerja_sama', 1, 6, '1.00', '2025-06-21 10:35:03'),
(2951, 'kerja_sama', 6, 7, '1.00', '2025-06-21 10:35:03'),
(2952, 'kerja_sama', 7, 6, '1.00', '2025-06-21 10:35:03'),
(2953, 'kerja_sama', 6, 20, '1.00', '2025-06-21 10:35:03'),
(2954, 'kerja_sama', 20, 6, '1.00', '2025-06-21 10:35:03'),
(2955, 'kerja_sama', 6, 8, '1.00', '2025-06-21 10:35:03'),
(2956, 'kerja_sama', 8, 6, '1.00', '2025-06-21 10:35:03'),
(2957, 'kerja_sama', 6, 2, '1.00', '2025-06-21 10:35:03'),
(2958, 'kerja_sama', 2, 6, '1.00', '2025-06-21 10:35:03'),
(2959, 'kerja_sama', 6, 9, '1.00', '2025-06-21 10:35:03'),
(2960, 'kerja_sama', 9, 6, '1.00', '2025-06-21 10:35:03'),
(2961, 'kerja_sama', 6, 10, '1.00', '2025-06-21 10:35:03'),
(2962, 'kerja_sama', 10, 6, '1.00', '2025-06-21 10:35:03'),
(2963, 'kerja_sama', 6, 11, '1.00', '2025-06-21 10:35:03'),
(2964, 'kerja_sama', 11, 6, '1.00', '2025-06-21 10:35:03'),
(2965, 'kerja_sama', 6, 12, '1.00', '2025-06-21 10:35:03'),
(2966, 'kerja_sama', 12, 6, '1.00', '2025-06-21 10:35:03'),
(2967, 'kerja_sama', 6, 13, '1.00', '2025-06-21 10:35:03'),
(2968, 'kerja_sama', 13, 6, '1.00', '2025-06-21 10:35:03'),
(2969, 'kerja_sama', 6, 3, '1.00', '2025-06-21 10:35:03'),
(2970, 'kerja_sama', 3, 6, '1.00', '2025-06-21 10:35:03'),
(2971, 'kerja_sama', 6, 14, '1.00', '2025-06-21 10:35:03'),
(2972, 'kerja_sama', 14, 6, '1.00', '2025-06-21 10:35:03'),
(2973, 'kerja_sama', 6, 4, '1.00', '2025-06-21 10:35:03'),
(2974, 'kerja_sama', 4, 6, '1.00', '2025-06-21 10:35:03'),
(2975, 'kerja_sama', 6, 15, '1.00', '2025-06-21 10:35:03'),
(2976, 'kerja_sama', 15, 6, '1.00', '2025-06-21 10:35:03'),
(2977, 'kerja_sama', 6, 16, '1.00', '2025-06-21 10:35:03'),
(2978, 'kerja_sama', 16, 6, '1.00', '2025-06-21 10:35:03'),
(2979, 'kerja_sama', 19, 1, '1.00', '2025-06-21 10:35:03'),
(2980, 'kerja_sama', 1, 19, '1.00', '2025-06-21 10:35:03'),
(2981, 'kerja_sama', 19, 7, '1.00', '2025-06-21 10:35:03'),
(2982, 'kerja_sama', 7, 19, '1.00', '2025-06-21 10:35:03'),
(2983, 'kerja_sama', 19, 20, '1.00', '2025-06-21 10:35:03'),
(2984, 'kerja_sama', 20, 19, '1.00', '2025-06-21 10:35:03'),
(2985, 'kerja_sama', 19, 8, '1.00', '2025-06-21 10:35:03'),
(2986, 'kerja_sama', 8, 19, '1.00', '2025-06-21 10:35:03'),
(2987, 'kerja_sama', 19, 2, '1.00', '2025-06-21 10:35:03'),
(2988, 'kerja_sama', 2, 19, '1.00', '2025-06-21 10:35:03'),
(2989, 'kerja_sama', 19, 9, '1.00', '2025-06-21 10:35:03'),
(2990, 'kerja_sama', 9, 19, '1.00', '2025-06-21 10:35:03'),
(2991, 'kerja_sama', 19, 10, '1.00', '2025-06-21 10:35:03'),
(2992, 'kerja_sama', 10, 19, '1.00', '2025-06-21 10:35:03'),
(2993, 'kerja_sama', 19, 11, '1.00', '2025-06-21 10:35:03'),
(2994, 'kerja_sama', 11, 19, '1.00', '2025-06-21 10:35:03'),
(2995, 'kerja_sama', 19, 12, '1.00', '2025-06-21 10:35:03'),
(2996, 'kerja_sama', 12, 19, '1.00', '2025-06-21 10:35:03'),
(2997, 'kerja_sama', 19, 13, '1.00', '2025-06-21 10:35:03'),
(2998, 'kerja_sama', 13, 19, '1.00', '2025-06-21 10:35:03'),
(2999, 'kerja_sama', 19, 3, '1.00', '2025-06-21 10:35:03'),
(3000, 'kerja_sama', 3, 19, '1.00', '2025-06-21 10:35:03'),
(3001, 'kerja_sama', 19, 14, '1.00', '2025-06-21 10:35:03'),
(3002, 'kerja_sama', 14, 19, '1.00', '2025-06-21 10:35:03'),
(3003, 'kerja_sama', 19, 4, '1.00', '2025-06-21 10:35:03'),
(3004, 'kerja_sama', 4, 19, '1.00', '2025-06-21 10:35:03'),
(3005, 'kerja_sama', 19, 15, '1.00', '2025-06-21 10:35:03'),
(3006, 'kerja_sama', 15, 19, '1.00', '2025-06-21 10:35:03'),
(3007, 'kerja_sama', 19, 16, '1.00', '2025-06-21 10:35:03'),
(3008, 'kerja_sama', 16, 19, '1.00', '2025-06-21 10:35:03'),
(3009, 'kerja_sama', 1, 7, '7.00', '2025-06-21 10:35:03'),
(3010, 'kerja_sama', 7, 1, '0.14', '2025-06-21 10:35:03'),
(3011, 'kerja_sama', 1, 20, '3.00', '2025-06-21 10:35:03'),
(3012, 'kerja_sama', 20, 1, '0.33', '2025-06-21 10:35:03'),
(3013, 'kerja_sama', 1, 8, '9.00', '2025-06-21 10:35:03'),
(3014, 'kerja_sama', 8, 1, '0.11', '2025-06-21 10:35:03'),
(3015, 'kerja_sama', 1, 2, '7.00', '2025-06-21 10:35:03'),
(3016, 'kerja_sama', 2, 1, '0.14', '2025-06-21 10:35:03'),
(3017, 'kerja_sama', 1, 9, '1.00', '2025-06-21 10:35:03'),
(3018, 'kerja_sama', 9, 1, '1.00', '2025-06-21 10:35:03'),
(3019, 'kerja_sama', 1, 10, '3.00', '2025-06-21 10:35:03'),
(3020, 'kerja_sama', 10, 1, '0.33', '2025-06-21 10:35:03'),
(3021, 'kerja_sama', 1, 11, '5.00', '2025-06-21 10:35:03'),
(3022, 'kerja_sama', 11, 1, '0.20', '2025-06-21 10:35:03'),
(3023, 'kerja_sama', 1, 12, '7.00', '2025-06-21 10:35:03'),
(3024, 'kerja_sama', 12, 1, '0.14', '2025-06-21 10:35:03'),
(3025, 'kerja_sama', 1, 13, '1.00', '2025-06-21 10:35:03'),
(3026, 'kerja_sama', 13, 1, '1.00', '2025-06-21 10:35:03'),
(3027, 'kerja_sama', 1, 3, '1.00', '2025-06-21 10:35:03'),
(3028, 'kerja_sama', 3, 1, '1.00', '2025-06-21 10:35:03'),
(3029, 'kerja_sama', 1, 14, '1.00', '2025-06-21 10:35:03'),
(3030, 'kerja_sama', 14, 1, '1.00', '2025-06-21 10:35:03'),
(3031, 'kerja_sama', 1, 4, '1.00', '2025-06-21 10:35:03'),
(3032, 'kerja_sama', 4, 1, '1.00', '2025-06-21 10:35:03'),
(3033, 'kerja_sama', 1, 15, '3.00', '2025-06-21 10:35:03'),
(3034, 'kerja_sama', 15, 1, '0.33', '2025-06-21 10:35:03'),
(3035, 'kerja_sama', 1, 16, '5.00', '2025-06-21 10:35:03'),
(3036, 'kerja_sama', 16, 1, '0.20', '2025-06-21 10:35:03'),
(3037, 'kerja_sama', 7, 20, '1.00', '2025-06-21 10:35:03'),
(3038, 'kerja_sama', 20, 7, '1.00', '2025-06-21 10:35:03'),
(3039, 'kerja_sama', 7, 8, '1.00', '2025-06-21 10:35:03'),
(3040, 'kerja_sama', 8, 7, '1.00', '2025-06-21 10:35:03'),
(3041, 'kerja_sama', 7, 2, '1.00', '2025-06-21 10:35:03'),
(3042, 'kerja_sama', 2, 7, '1.00', '2025-06-21 10:35:03'),
(3043, 'kerja_sama', 7, 9, '1.00', '2025-06-21 10:35:03'),
(3044, 'kerja_sama', 9, 7, '1.00', '2025-06-21 10:35:03'),
(3045, 'kerja_sama', 7, 10, '1.00', '2025-06-21 10:35:03'),
(3046, 'kerja_sama', 10, 7, '1.00', '2025-06-21 10:35:03'),
(3047, 'kerja_sama', 7, 11, '1.00', '2025-06-21 10:35:03'),
(3048, 'kerja_sama', 11, 7, '1.00', '2025-06-21 10:35:03'),
(3049, 'kerja_sama', 7, 12, '1.00', '2025-06-21 10:35:03'),
(3050, 'kerja_sama', 12, 7, '1.00', '2025-06-21 10:35:03'),
(3051, 'kerja_sama', 7, 13, '1.00', '2025-06-21 10:35:03'),
(3052, 'kerja_sama', 13, 7, '1.00', '2025-06-21 10:35:03'),
(3053, 'kerja_sama', 7, 3, '1.00', '2025-06-21 10:35:03'),
(3054, 'kerja_sama', 3, 7, '1.00', '2025-06-21 10:35:03'),
(3055, 'kerja_sama', 7, 14, '1.00', '2025-06-21 10:35:03'),
(3056, 'kerja_sama', 14, 7, '1.00', '2025-06-21 10:35:03'),
(3057, 'kerja_sama', 7, 4, '1.00', '2025-06-21 10:35:03'),
(3058, 'kerja_sama', 4, 7, '1.00', '2025-06-21 10:35:03'),
(3059, 'kerja_sama', 7, 15, '1.00', '2025-06-21 10:35:03'),
(3060, 'kerja_sama', 15, 7, '1.00', '2025-06-21 10:35:03'),
(3061, 'kerja_sama', 7, 16, '1.00', '2025-06-21 10:35:03'),
(3062, 'kerja_sama', 16, 7, '1.00', '2025-06-21 10:35:03'),
(3063, 'kerja_sama', 20, 8, '1.00', '2025-06-21 10:35:03'),
(3064, 'kerja_sama', 8, 20, '1.00', '2025-06-21 10:35:03'),
(3065, 'kerja_sama', 20, 2, '1.00', '2025-06-21 10:35:03'),
(3066, 'kerja_sama', 2, 20, '1.00', '2025-06-21 10:35:03'),
(3067, 'kerja_sama', 20, 9, '1.00', '2025-06-21 10:35:03'),
(3068, 'kerja_sama', 9, 20, '1.00', '2025-06-21 10:35:03'),
(3069, 'kerja_sama', 20, 10, '1.00', '2025-06-21 10:35:03'),
(3070, 'kerja_sama', 10, 20, '1.00', '2025-06-21 10:35:03'),
(3071, 'kerja_sama', 20, 11, '1.00', '2025-06-21 10:35:03'),
(3072, 'kerja_sama', 11, 20, '1.00', '2025-06-21 10:35:03'),
(3073, 'kerja_sama', 20, 12, '1.00', '2025-06-21 10:35:03'),
(3074, 'kerja_sama', 12, 20, '1.00', '2025-06-21 10:35:03'),
(3075, 'kerja_sama', 20, 13, '1.00', '2025-06-21 10:35:03'),
(3076, 'kerja_sama', 13, 20, '1.00', '2025-06-21 10:35:03'),
(3077, 'kerja_sama', 20, 3, '1.00', '2025-06-21 10:35:03'),
(3078, 'kerja_sama', 3, 20, '1.00', '2025-06-21 10:35:03'),
(3079, 'kerja_sama', 20, 14, '1.00', '2025-06-21 10:35:03'),
(3080, 'kerja_sama', 14, 20, '1.00', '2025-06-21 10:35:03'),
(3081, 'kerja_sama', 20, 4, '1.00', '2025-06-21 10:35:03'),
(3082, 'kerja_sama', 4, 20, '1.00', '2025-06-21 10:35:03'),
(3083, 'kerja_sama', 20, 15, '1.00', '2025-06-21 10:35:03'),
(3084, 'kerja_sama', 15, 20, '1.00', '2025-06-21 10:35:03'),
(3085, 'kerja_sama', 20, 16, '1.00', '2025-06-21 10:35:03'),
(3086, 'kerja_sama', 16, 20, '1.00', '2025-06-21 10:35:03'),
(3087, 'kerja_sama', 8, 2, '1.00', '2025-06-21 10:35:03'),
(3088, 'kerja_sama', 2, 8, '1.00', '2025-06-21 10:35:03'),
(3089, 'kerja_sama', 8, 9, '1.00', '2025-06-21 10:35:03'),
(3090, 'kerja_sama', 9, 8, '1.00', '2025-06-21 10:35:03'),
(3091, 'kerja_sama', 8, 10, '1.00', '2025-06-21 10:35:03'),
(3092, 'kerja_sama', 10, 8, '1.00', '2025-06-21 10:35:03'),
(3093, 'kerja_sama', 8, 11, '1.00', '2025-06-21 10:35:03'),
(3094, 'kerja_sama', 11, 8, '1.00', '2025-06-21 10:35:03'),
(3095, 'kerja_sama', 8, 12, '1.00', '2025-06-21 10:35:03'),
(3096, 'kerja_sama', 12, 8, '1.00', '2025-06-21 10:35:03'),
(3097, 'kerja_sama', 8, 13, '1.00', '2025-06-21 10:35:03'),
(3098, 'kerja_sama', 13, 8, '1.00', '2025-06-21 10:35:03'),
(3099, 'kerja_sama', 8, 3, '1.00', '2025-06-21 10:35:03'),
(3100, 'kerja_sama', 3, 8, '1.00', '2025-06-21 10:35:03'),
(3101, 'kerja_sama', 8, 14, '1.00', '2025-06-21 10:35:03'),
(3102, 'kerja_sama', 14, 8, '1.00', '2025-06-21 10:35:03'),
(3103, 'kerja_sama', 8, 4, '1.00', '2025-06-21 10:35:03'),
(3104, 'kerja_sama', 4, 8, '1.00', '2025-06-21 10:35:03'),
(3105, 'kerja_sama', 8, 15, '1.00', '2025-06-21 10:35:03'),
(3106, 'kerja_sama', 15, 8, '1.00', '2025-06-21 10:35:03'),
(3107, 'kerja_sama', 8, 16, '1.00', '2025-06-21 10:35:03'),
(3108, 'kerja_sama', 16, 8, '1.00', '2025-06-21 10:35:03'),
(3109, 'kerja_sama', 2, 9, '5.00', '2025-06-21 10:35:03'),
(3110, 'kerja_sama', 9, 2, '0.20', '2025-06-21 10:35:03'),
(3111, 'kerja_sama', 2, 10, '7.00', '2025-06-21 10:35:03'),
(3112, 'kerja_sama', 10, 2, '0.14', '2025-06-21 10:35:03'),
(3113, 'kerja_sama', 2, 11, '9.00', '2025-06-21 10:35:03'),
(3114, 'kerja_sama', 11, 2, '0.11', '2025-06-21 10:35:03'),
(3115, 'kerja_sama', 2, 12, '1.00', '2025-06-21 10:35:03'),
(3116, 'kerja_sama', 12, 2, '1.00', '2025-06-21 10:35:03'),
(3117, 'kerja_sama', 2, 13, '3.00', '2025-06-21 10:35:03'),
(3118, 'kerja_sama', 13, 2, '0.33', '2025-06-21 10:35:03'),
(3119, 'kerja_sama', 2, 3, '3.00', '2025-06-21 10:35:03'),
(3120, 'kerja_sama', 3, 2, '0.33', '2025-06-21 10:35:03'),
(3121, 'kerja_sama', 2, 14, '5.00', '2025-06-21 10:35:03'),
(3122, 'kerja_sama', 14, 2, '0.20', '2025-06-21 10:35:03'),
(3123, 'kerja_sama', 2, 4, '5.00', '2025-06-21 10:35:03'),
(3124, 'kerja_sama', 4, 2, '0.20', '2025-06-21 10:35:03'),
(3125, 'kerja_sama', 2, 15, '7.00', '2025-06-21 10:35:03'),
(3126, 'kerja_sama', 15, 2, '0.14', '2025-06-21 10:35:03'),
(3127, 'kerja_sama', 2, 16, '9.00', '2025-06-21 10:35:03'),
(3128, 'kerja_sama', 16, 2, '0.11', '2025-06-21 10:35:03'),
(3129, 'kerja_sama', 9, 10, '1.00', '2025-06-21 10:35:03'),
(3130, 'kerja_sama', 10, 9, '1.00', '2025-06-21 10:35:03'),
(3131, 'kerja_sama', 9, 11, '1.00', '2025-06-21 10:35:03'),
(3132, 'kerja_sama', 11, 9, '1.00', '2025-06-21 10:35:03'),
(3133, 'kerja_sama', 9, 12, '1.00', '2025-06-21 10:35:03'),
(3134, 'kerja_sama', 12, 9, '1.00', '2025-06-21 10:35:03'),
(3135, 'kerja_sama', 9, 13, '1.00', '2025-06-21 10:35:03'),
(3136, 'kerja_sama', 13, 9, '1.00', '2025-06-21 10:35:03'),
(3137, 'kerja_sama', 9, 3, '1.00', '2025-06-21 10:35:03'),
(3138, 'kerja_sama', 3, 9, '1.00', '2025-06-21 10:35:03'),
(3139, 'kerja_sama', 9, 14, '1.00', '2025-06-21 10:35:03'),
(3140, 'kerja_sama', 14, 9, '1.00', '2025-06-21 10:35:03'),
(3141, 'kerja_sama', 9, 4, '1.00', '2025-06-21 10:35:03'),
(3142, 'kerja_sama', 4, 9, '1.00', '2025-06-21 10:35:03'),
(3143, 'kerja_sama', 9, 15, '1.00', '2025-06-21 10:35:03'),
(3144, 'kerja_sama', 15, 9, '1.00', '2025-06-21 10:35:03'),
(3145, 'kerja_sama', 9, 16, '1.00', '2025-06-21 10:35:03'),
(3146, 'kerja_sama', 16, 9, '1.00', '2025-06-21 10:35:03'),
(3147, 'kerja_sama', 10, 11, '1.00', '2025-06-21 10:35:03'),
(3148, 'kerja_sama', 11, 10, '1.00', '2025-06-21 10:35:03'),
(3149, 'kerja_sama', 10, 12, '1.00', '2025-06-21 10:35:03'),
(3150, 'kerja_sama', 12, 10, '1.00', '2025-06-21 10:35:03'),
(3151, 'kerja_sama', 10, 13, '1.00', '2025-06-21 10:35:03'),
(3152, 'kerja_sama', 13, 10, '1.00', '2025-06-21 10:35:03'),
(3153, 'kerja_sama', 10, 3, '1.00', '2025-06-21 10:35:03'),
(3154, 'kerja_sama', 3, 10, '1.00', '2025-06-21 10:35:03'),
(3155, 'kerja_sama', 10, 14, '1.00', '2025-06-21 10:35:03'),
(3156, 'kerja_sama', 14, 10, '1.00', '2025-06-21 10:35:03'),
(3157, 'kerja_sama', 10, 4, '1.00', '2025-06-21 10:35:03'),
(3158, 'kerja_sama', 4, 10, '1.00', '2025-06-21 10:35:03'),
(3159, 'kerja_sama', 10, 15, '1.00', '2025-06-21 10:35:03'),
(3160, 'kerja_sama', 15, 10, '1.00', '2025-06-21 10:35:03'),
(3161, 'kerja_sama', 10, 16, '1.00', '2025-06-21 10:35:03'),
(3162, 'kerja_sama', 16, 10, '1.00', '2025-06-21 10:35:03'),
(3163, 'kerja_sama', 11, 12, '1.00', '2025-06-21 10:35:03'),
(3164, 'kerja_sama', 12, 11, '1.00', '2025-06-21 10:35:03'),
(3165, 'kerja_sama', 11, 13, '1.00', '2025-06-21 10:35:03'),
(3166, 'kerja_sama', 13, 11, '1.00', '2025-06-21 10:35:03'),
(3167, 'kerja_sama', 11, 3, '1.00', '2025-06-21 10:35:03'),
(3168, 'kerja_sama', 3, 11, '1.00', '2025-06-21 10:35:03'),
(3169, 'kerja_sama', 11, 14, '1.00', '2025-06-21 10:35:03'),
(3170, 'kerja_sama', 14, 11, '1.00', '2025-06-21 10:35:03'),
(3171, 'kerja_sama', 11, 4, '1.00', '2025-06-21 10:35:03'),
(3172, 'kerja_sama', 4, 11, '1.00', '2025-06-21 10:35:03'),
(3173, 'kerja_sama', 11, 15, '1.00', '2025-06-21 10:35:03'),
(3174, 'kerja_sama', 15, 11, '1.00', '2025-06-21 10:35:03'),
(3175, 'kerja_sama', 11, 16, '1.00', '2025-06-21 10:35:03'),
(3176, 'kerja_sama', 16, 11, '1.00', '2025-06-21 10:35:03'),
(3177, 'kerja_sama', 12, 13, '1.00', '2025-06-21 10:35:03'),
(3178, 'kerja_sama', 13, 12, '1.00', '2025-06-21 10:35:03'),
(3179, 'kerja_sama', 12, 3, '1.00', '2025-06-21 10:35:03'),
(3180, 'kerja_sama', 3, 12, '1.00', '2025-06-21 10:35:03'),
(3181, 'kerja_sama', 12, 14, '1.00', '2025-06-21 10:35:03'),
(3182, 'kerja_sama', 14, 12, '1.00', '2025-06-21 10:35:03'),
(3183, 'kerja_sama', 12, 4, '1.00', '2025-06-21 10:35:03'),
(3184, 'kerja_sama', 4, 12, '1.00', '2025-06-21 10:35:03'),
(3185, 'kerja_sama', 12, 15, '1.00', '2025-06-21 10:35:03'),
(3186, 'kerja_sama', 15, 12, '1.00', '2025-06-21 10:35:03'),
(3187, 'kerja_sama', 12, 16, '1.00', '2025-06-21 10:35:03'),
(3188, 'kerja_sama', 16, 12, '1.00', '2025-06-21 10:35:03'),
(3189, 'kerja_sama', 13, 3, '1.00', '2025-06-21 10:35:03'),
(3190, 'kerja_sama', 3, 13, '1.00', '2025-06-21 10:35:03'),
(3191, 'kerja_sama', 13, 14, '1.00', '2025-06-21 10:35:03'),
(3192, 'kerja_sama', 14, 13, '1.00', '2025-06-21 10:35:03'),
(3193, 'kerja_sama', 13, 4, '1.00', '2025-06-21 10:35:03'),
(3194, 'kerja_sama', 4, 13, '1.00', '2025-06-21 10:35:03'),
(3195, 'kerja_sama', 13, 15, '1.00', '2025-06-21 10:35:03'),
(3196, 'kerja_sama', 15, 13, '1.00', '2025-06-21 10:35:03'),
(3197, 'kerja_sama', 13, 16, '1.00', '2025-06-21 10:35:03'),
(3198, 'kerja_sama', 16, 13, '1.00', '2025-06-21 10:35:03'),
(3199, 'kerja_sama', 3, 14, '1.00', '2025-06-21 10:35:03'),
(3200, 'kerja_sama', 14, 3, '1.00', '2025-06-21 10:35:03'),
(3201, 'kerja_sama', 3, 4, '1.00', '2025-06-21 10:35:03'),
(3202, 'kerja_sama', 4, 3, '1.00', '2025-06-21 10:35:03'),
(3203, 'kerja_sama', 3, 15, '1.00', '2025-06-21 10:35:03'),
(3204, 'kerja_sama', 15, 3, '1.00', '2025-06-21 10:35:03'),
(3205, 'kerja_sama', 3, 16, '1.00', '2025-06-21 10:35:03'),
(3206, 'kerja_sama', 16, 3, '1.00', '2025-06-21 10:35:03'),
(3207, 'kerja_sama', 14, 4, '1.00', '2025-06-21 10:35:03'),
(3208, 'kerja_sama', 4, 14, '1.00', '2025-06-21 10:35:03'),
(3209, 'kerja_sama', 14, 15, '1.00', '2025-06-21 10:35:03'),
(3210, 'kerja_sama', 15, 14, '1.00', '2025-06-21 10:35:03'),
(3211, 'kerja_sama', 14, 16, '1.00', '2025-06-21 10:35:03'),
(3212, 'kerja_sama', 16, 14, '1.00', '2025-06-21 10:35:03'),
(3213, 'kerja_sama', 4, 15, '1.00', '2025-06-21 10:35:03'),
(3214, 'kerja_sama', 15, 4, '1.00', '2025-06-21 10:35:03'),
(3215, 'kerja_sama', 4, 16, '1.00', '2025-06-21 10:35:03'),
(3216, 'kerja_sama', 16, 4, '1.00', '2025-06-21 10:35:03'),
(3217, 'kerja_sama', 15, 16, '1.00', '2025-06-21 10:35:03'),
(3218, 'kerja_sama', 16, 15, '1.00', '2025-06-21 10:35:03'),
(3219, 'prestasi', 5, 17, '1.00', '2025-06-21 10:35:33'),
(3220, 'prestasi', 17, 5, '1.00', '2025-06-21 10:35:33'),
(3221, 'prestasi', 5, 18, '1.00', '2025-06-21 10:35:33'),
(3222, 'prestasi', 18, 5, '1.00', '2025-06-21 10:35:33'),
(3223, 'prestasi', 5, 6, '1.00', '2025-06-21 10:35:33'),
(3224, 'prestasi', 6, 5, '1.00', '2025-06-21 10:35:33'),
(3225, 'prestasi', 5, 19, '1.00', '2025-06-21 10:35:33'),
(3226, 'prestasi', 19, 5, '1.00', '2025-06-21 10:35:33'),
(3227, 'prestasi', 5, 1, '1.00', '2025-06-21 10:35:33'),
(3228, 'prestasi', 1, 5, '1.00', '2025-06-21 10:35:33'),
(3229, 'prestasi', 5, 7, '1.00', '2025-06-21 10:35:33'),
(3230, 'prestasi', 7, 5, '1.00', '2025-06-21 10:35:33'),
(3231, 'prestasi', 5, 20, '1.00', '2025-06-21 10:35:33'),
(3232, 'prestasi', 20, 5, '1.00', '2025-06-21 10:35:33'),
(3233, 'prestasi', 5, 8, '1.00', '2025-06-21 10:35:33'),
(3234, 'prestasi', 8, 5, '1.00', '2025-06-21 10:35:33'),
(3235, 'prestasi', 5, 2, '1.00', '2025-06-21 10:35:33'),
(3236, 'prestasi', 2, 5, '1.00', '2025-06-21 10:35:33'),
(3237, 'prestasi', 5, 9, '1.00', '2025-06-21 10:35:33'),
(3238, 'prestasi', 9, 5, '1.00', '2025-06-21 10:35:33'),
(3239, 'prestasi', 5, 10, '1.00', '2025-06-21 10:35:33'),
(3240, 'prestasi', 10, 5, '1.00', '2025-06-21 10:35:33'),
(3241, 'prestasi', 5, 11, '1.00', '2025-06-21 10:35:33'),
(3242, 'prestasi', 11, 5, '1.00', '2025-06-21 10:35:33'),
(3243, 'prestasi', 5, 12, '1.00', '2025-06-21 10:35:33'),
(3244, 'prestasi', 12, 5, '1.00', '2025-06-21 10:35:33'),
(3245, 'prestasi', 5, 13, '1.00', '2025-06-21 10:35:33'),
(3246, 'prestasi', 13, 5, '1.00', '2025-06-21 10:35:33'),
(3247, 'prestasi', 5, 3, '1.00', '2025-06-21 10:35:33'),
(3248, 'prestasi', 3, 5, '1.00', '2025-06-21 10:35:33'),
(3249, 'prestasi', 5, 14, '1.00', '2025-06-21 10:35:33'),
(3250, 'prestasi', 14, 5, '1.00', '2025-06-21 10:35:33'),
(3251, 'prestasi', 5, 4, '1.00', '2025-06-21 10:35:33'),
(3252, 'prestasi', 4, 5, '1.00', '2025-06-21 10:35:33'),
(3253, 'prestasi', 5, 15, '1.00', '2025-06-21 10:35:33'),
(3254, 'prestasi', 15, 5, '1.00', '2025-06-21 10:35:33'),
(3255, 'prestasi', 5, 16, '1.00', '2025-06-21 10:35:33'),
(3256, 'prestasi', 16, 5, '1.00', '2025-06-21 10:35:33'),
(3257, 'prestasi', 17, 18, '1.00', '2025-06-21 10:35:33'),
(3258, 'prestasi', 18, 17, '1.00', '2025-06-21 10:35:33'),
(3259, 'prestasi', 17, 6, '1.00', '2025-06-21 10:35:33'),
(3260, 'prestasi', 6, 17, '1.00', '2025-06-21 10:35:33'),
(3261, 'prestasi', 17, 19, '1.00', '2025-06-21 10:35:33'),
(3262, 'prestasi', 19, 17, '1.00', '2025-06-21 10:35:33'),
(3263, 'prestasi', 17, 1, '1.00', '2025-06-21 10:35:33'),
(3264, 'prestasi', 1, 17, '1.00', '2025-06-21 10:35:33'),
(3265, 'prestasi', 17, 7, '1.00', '2025-06-21 10:35:33'),
(3266, 'prestasi', 7, 17, '1.00', '2025-06-21 10:35:33'),
(3267, 'prestasi', 17, 20, '1.00', '2025-06-21 10:35:33'),
(3268, 'prestasi', 20, 17, '1.00', '2025-06-21 10:35:33'),
(3269, 'prestasi', 17, 8, '1.00', '2025-06-21 10:35:33'),
(3270, 'prestasi', 8, 17, '1.00', '2025-06-21 10:35:33'),
(3271, 'prestasi', 17, 2, '1.00', '2025-06-21 10:35:33'),
(3272, 'prestasi', 2, 17, '1.00', '2025-06-21 10:35:33'),
(3273, 'prestasi', 17, 9, '1.00', '2025-06-21 10:35:33'),
(3274, 'prestasi', 9, 17, '1.00', '2025-06-21 10:35:33'),
(3275, 'prestasi', 17, 10, '1.00', '2025-06-21 10:35:33'),
(3276, 'prestasi', 10, 17, '1.00', '2025-06-21 10:35:33'),
(3277, 'prestasi', 17, 11, '1.00', '2025-06-21 10:35:33'),
(3278, 'prestasi', 11, 17, '1.00', '2025-06-21 10:35:33'),
(3279, 'prestasi', 17, 12, '1.00', '2025-06-21 10:35:33'),
(3280, 'prestasi', 12, 17, '1.00', '2025-06-21 10:35:33'),
(3281, 'prestasi', 17, 13, '1.00', '2025-06-21 10:35:33'),
(3282, 'prestasi', 13, 17, '1.00', '2025-06-21 10:35:33'),
(3283, 'prestasi', 17, 3, '1.00', '2025-06-21 10:35:33'),
(3284, 'prestasi', 3, 17, '1.00', '2025-06-21 10:35:33'),
(3285, 'prestasi', 17, 14, '1.00', '2025-06-21 10:35:33'),
(3286, 'prestasi', 14, 17, '1.00', '2025-06-21 10:35:33'),
(3287, 'prestasi', 17, 4, '1.00', '2025-06-21 10:35:33'),
(3288, 'prestasi', 4, 17, '1.00', '2025-06-21 10:35:33'),
(3289, 'prestasi', 17, 15, '1.00', '2025-06-21 10:35:33'),
(3290, 'prestasi', 15, 17, '1.00', '2025-06-21 10:35:33'),
(3291, 'prestasi', 17, 16, '1.00', '2025-06-21 10:35:33'),
(3292, 'prestasi', 16, 17, '1.00', '2025-06-21 10:35:33'),
(3293, 'prestasi', 18, 6, '1.00', '2025-06-21 10:35:33'),
(3294, 'prestasi', 6, 18, '1.00', '2025-06-21 10:35:33'),
(3295, 'prestasi', 18, 19, '1.00', '2025-06-21 10:35:33'),
(3296, 'prestasi', 19, 18, '1.00', '2025-06-21 10:35:33'),
(3297, 'prestasi', 18, 1, '1.00', '2025-06-21 10:35:33'),
(3298, 'prestasi', 1, 18, '1.00', '2025-06-21 10:35:33'),
(3299, 'prestasi', 18, 7, '1.00', '2025-06-21 10:35:33'),
(3300, 'prestasi', 7, 18, '1.00', '2025-06-21 10:35:33'),
(3301, 'prestasi', 18, 20, '1.00', '2025-06-21 10:35:33'),
(3302, 'prestasi', 20, 18, '1.00', '2025-06-21 10:35:33'),
(3303, 'prestasi', 18, 8, '1.00', '2025-06-21 10:35:33'),
(3304, 'prestasi', 8, 18, '1.00', '2025-06-21 10:35:33'),
(3305, 'prestasi', 18, 2, '1.00', '2025-06-21 10:35:33'),
(3306, 'prestasi', 2, 18, '1.00', '2025-06-21 10:35:33'),
(3307, 'prestasi', 18, 9, '1.00', '2025-06-21 10:35:33'),
(3308, 'prestasi', 9, 18, '1.00', '2025-06-21 10:35:33'),
(3309, 'prestasi', 18, 10, '1.00', '2025-06-21 10:35:33'),
(3310, 'prestasi', 10, 18, '1.00', '2025-06-21 10:35:33'),
(3311, 'prestasi', 18, 11, '1.00', '2025-06-21 10:35:33'),
(3312, 'prestasi', 11, 18, '1.00', '2025-06-21 10:35:33'),
(3313, 'prestasi', 18, 12, '1.00', '2025-06-21 10:35:33'),
(3314, 'prestasi', 12, 18, '1.00', '2025-06-21 10:35:33'),
(3315, 'prestasi', 18, 13, '1.00', '2025-06-21 10:35:33'),
(3316, 'prestasi', 13, 18, '1.00', '2025-06-21 10:35:33'),
(3317, 'prestasi', 18, 3, '1.00', '2025-06-21 10:35:33'),
(3318, 'prestasi', 3, 18, '1.00', '2025-06-21 10:35:33'),
(3319, 'prestasi', 18, 14, '1.00', '2025-06-21 10:35:33'),
(3320, 'prestasi', 14, 18, '1.00', '2025-06-21 10:35:33'),
(3321, 'prestasi', 18, 4, '1.00', '2025-06-21 10:35:33'),
(3322, 'prestasi', 4, 18, '1.00', '2025-06-21 10:35:33'),
(3323, 'prestasi', 18, 15, '1.00', '2025-06-21 10:35:33'),
(3324, 'prestasi', 15, 18, '1.00', '2025-06-21 10:35:33'),
(3325, 'prestasi', 18, 16, '1.00', '2025-06-21 10:35:33'),
(3326, 'prestasi', 16, 18, '1.00', '2025-06-21 10:35:33'),
(3327, 'prestasi', 6, 19, '1.00', '2025-06-21 10:35:33'),
(3328, 'prestasi', 19, 6, '1.00', '2025-06-21 10:35:33'),
(3329, 'prestasi', 6, 1, '1.00', '2025-06-21 10:35:33'),
(3330, 'prestasi', 1, 6, '1.00', '2025-06-21 10:35:33'),
(3331, 'prestasi', 6, 7, '1.00', '2025-06-21 10:35:33'),
(3332, 'prestasi', 7, 6, '1.00', '2025-06-21 10:35:33'),
(3333, 'prestasi', 6, 20, '1.00', '2025-06-21 10:35:33'),
(3334, 'prestasi', 20, 6, '1.00', '2025-06-21 10:35:33'),
(3335, 'prestasi', 6, 8, '1.00', '2025-06-21 10:35:33'),
(3336, 'prestasi', 8, 6, '1.00', '2025-06-21 10:35:33'),
(3337, 'prestasi', 6, 2, '1.00', '2025-06-21 10:35:33'),
(3338, 'prestasi', 2, 6, '1.00', '2025-06-21 10:35:33'),
(3339, 'prestasi', 6, 9, '1.00', '2025-06-21 10:35:33'),
(3340, 'prestasi', 9, 6, '1.00', '2025-06-21 10:35:33'),
(3341, 'prestasi', 6, 10, '1.00', '2025-06-21 10:35:33'),
(3342, 'prestasi', 10, 6, '1.00', '2025-06-21 10:35:33'),
(3343, 'prestasi', 6, 11, '1.00', '2025-06-21 10:35:33'),
(3344, 'prestasi', 11, 6, '1.00', '2025-06-21 10:35:33'),
(3345, 'prestasi', 6, 12, '1.00', '2025-06-21 10:35:33'),
(3346, 'prestasi', 12, 6, '1.00', '2025-06-21 10:35:33'),
(3347, 'prestasi', 6, 13, '1.00', '2025-06-21 10:35:33'),
(3348, 'prestasi', 13, 6, '1.00', '2025-06-21 10:35:33'),
(3349, 'prestasi', 6, 3, '1.00', '2025-06-21 10:35:33'),
(3350, 'prestasi', 3, 6, '1.00', '2025-06-21 10:35:33'),
(3351, 'prestasi', 6, 14, '1.00', '2025-06-21 10:35:33'),
(3352, 'prestasi', 14, 6, '1.00', '2025-06-21 10:35:33'),
(3353, 'prestasi', 6, 4, '1.00', '2025-06-21 10:35:33'),
(3354, 'prestasi', 4, 6, '1.00', '2025-06-21 10:35:33'),
(3355, 'prestasi', 6, 15, '1.00', '2025-06-21 10:35:33'),
(3356, 'prestasi', 15, 6, '1.00', '2025-06-21 10:35:33'),
(3357, 'prestasi', 6, 16, '1.00', '2025-06-21 10:35:33'),
(3358, 'prestasi', 16, 6, '1.00', '2025-06-21 10:35:33'),
(3359, 'prestasi', 19, 1, '1.00', '2025-06-21 10:35:33'),
(3360, 'prestasi', 1, 19, '1.00', '2025-06-21 10:35:33'),
(3361, 'prestasi', 19, 7, '1.00', '2025-06-21 10:35:33'),
(3362, 'prestasi', 7, 19, '1.00', '2025-06-21 10:35:33'),
(3363, 'prestasi', 19, 20, '1.00', '2025-06-21 10:35:33'),
(3364, 'prestasi', 20, 19, '1.00', '2025-06-21 10:35:33'),
(3365, 'prestasi', 19, 8, '1.00', '2025-06-21 10:35:33'),
(3366, 'prestasi', 8, 19, '1.00', '2025-06-21 10:35:33'),
(3367, 'prestasi', 19, 2, '1.00', '2025-06-21 10:35:33'),
(3368, 'prestasi', 2, 19, '1.00', '2025-06-21 10:35:33'),
(3369, 'prestasi', 19, 9, '1.00', '2025-06-21 10:35:33'),
(3370, 'prestasi', 9, 19, '1.00', '2025-06-21 10:35:33'),
(3371, 'prestasi', 19, 10, '1.00', '2025-06-21 10:35:33'),
(3372, 'prestasi', 10, 19, '1.00', '2025-06-21 10:35:33'),
(3373, 'prestasi', 19, 11, '1.00', '2025-06-21 10:35:33'),
(3374, 'prestasi', 11, 19, '1.00', '2025-06-21 10:35:33'),
(3375, 'prestasi', 19, 12, '1.00', '2025-06-21 10:35:33'),
(3376, 'prestasi', 12, 19, '1.00', '2025-06-21 10:35:33'),
(3377, 'prestasi', 19, 13, '1.00', '2025-06-21 10:35:33'),
(3378, 'prestasi', 13, 19, '1.00', '2025-06-21 10:35:33'),
(3379, 'prestasi', 19, 3, '1.00', '2025-06-21 10:35:33'),
(3380, 'prestasi', 3, 19, '1.00', '2025-06-21 10:35:33'),
(3381, 'prestasi', 19, 14, '1.00', '2025-06-21 10:35:33'),
(3382, 'prestasi', 14, 19, '1.00', '2025-06-21 10:35:33'),
(3383, 'prestasi', 19, 4, '1.00', '2025-06-21 10:35:33'),
(3384, 'prestasi', 4, 19, '1.00', '2025-06-21 10:35:33'),
(3385, 'prestasi', 19, 15, '1.00', '2025-06-21 10:35:33'),
(3386, 'prestasi', 15, 19, '1.00', '2025-06-21 10:35:33'),
(3387, 'prestasi', 19, 16, '1.00', '2025-06-21 10:35:33'),
(3388, 'prestasi', 16, 19, '1.00', '2025-06-21 10:35:33'),
(3389, 'prestasi', 1, 7, '9.00', '2025-06-21 10:35:33'),
(3390, 'prestasi', 7, 1, '0.11', '2025-06-21 10:35:33'),
(3391, 'prestasi', 1, 20, '5.00', '2025-06-21 10:35:33'),
(3392, 'prestasi', 20, 1, '0.20', '2025-06-21 10:35:33'),
(3393, 'prestasi', 1, 8, '1.00', '2025-06-21 10:35:33'),
(3394, 'prestasi', 8, 1, '1.00', '2025-06-21 10:35:33'),
(3395, 'prestasi', 1, 2, '9.00', '2025-06-21 10:35:33'),
(3396, 'prestasi', 2, 1, '0.11', '2025-06-21 10:35:33'),
(3397, 'prestasi', 1, 9, '3.00', '2025-06-21 10:35:33'),
(3398, 'prestasi', 9, 1, '0.33', '2025-06-21 10:35:33'),
(3399, 'prestasi', 1, 10, '5.00', '2025-06-21 10:35:33'),
(3400, 'prestasi', 10, 1, '0.20', '2025-06-21 10:35:33'),
(3401, 'prestasi', 1, 11, '7.00', '2025-06-21 10:35:33');
INSERT INTO `pairwise_alternatif` (`id`, `kriteria`, `karyawan1`, `karyawan2`, `nilai`, `created_at`) VALUES
(3402, 'prestasi', 11, 1, '0.14', '2025-06-21 10:35:33'),
(3403, 'prestasi', 1, 12, '9.00', '2025-06-21 10:35:33'),
(3404, 'prestasi', 12, 1, '0.11', '2025-06-21 10:35:33'),
(3405, 'prestasi', 1, 13, '1.00', '2025-06-21 10:35:33'),
(3406, 'prestasi', 13, 1, '1.00', '2025-06-21 10:35:33'),
(3407, 'prestasi', 1, 3, '1.00', '2025-06-21 10:35:33'),
(3408, 'prestasi', 3, 1, '1.00', '2025-06-21 10:35:33'),
(3409, 'prestasi', 1, 14, '3.00', '2025-06-21 10:35:33'),
(3410, 'prestasi', 14, 1, '0.33', '2025-06-21 10:35:33'),
(3411, 'prestasi', 1, 4, '3.00', '2025-06-21 10:35:33'),
(3412, 'prestasi', 4, 1, '0.33', '2025-06-21 10:35:33'),
(3413, 'prestasi', 1, 15, '5.00', '2025-06-21 10:35:33'),
(3414, 'prestasi', 15, 1, '0.20', '2025-06-21 10:35:33'),
(3415, 'prestasi', 1, 16, '7.00', '2025-06-21 10:35:33'),
(3416, 'prestasi', 16, 1, '0.14', '2025-06-21 10:35:33'),
(3417, 'prestasi', 7, 20, '1.00', '2025-06-21 10:35:33'),
(3418, 'prestasi', 20, 7, '1.00', '2025-06-21 10:35:33'),
(3419, 'prestasi', 7, 8, '1.00', '2025-06-21 10:35:33'),
(3420, 'prestasi', 8, 7, '1.00', '2025-06-21 10:35:33'),
(3421, 'prestasi', 7, 2, '1.00', '2025-06-21 10:35:33'),
(3422, 'prestasi', 2, 7, '1.00', '2025-06-21 10:35:33'),
(3423, 'prestasi', 7, 9, '1.00', '2025-06-21 10:35:33'),
(3424, 'prestasi', 9, 7, '1.00', '2025-06-21 10:35:33'),
(3425, 'prestasi', 7, 10, '1.00', '2025-06-21 10:35:33'),
(3426, 'prestasi', 10, 7, '1.00', '2025-06-21 10:35:33'),
(3427, 'prestasi', 7, 11, '1.00', '2025-06-21 10:35:33'),
(3428, 'prestasi', 11, 7, '1.00', '2025-06-21 10:35:33'),
(3429, 'prestasi', 7, 12, '1.00', '2025-06-21 10:35:33'),
(3430, 'prestasi', 12, 7, '1.00', '2025-06-21 10:35:33'),
(3431, 'prestasi', 7, 13, '1.00', '2025-06-21 10:35:33'),
(3432, 'prestasi', 13, 7, '1.00', '2025-06-21 10:35:33'),
(3433, 'prestasi', 7, 3, '1.00', '2025-06-21 10:35:33'),
(3434, 'prestasi', 3, 7, '1.00', '2025-06-21 10:35:33'),
(3435, 'prestasi', 7, 14, '1.00', '2025-06-21 10:35:33'),
(3436, 'prestasi', 14, 7, '1.00', '2025-06-21 10:35:33'),
(3437, 'prestasi', 7, 4, '1.00', '2025-06-21 10:35:33'),
(3438, 'prestasi', 4, 7, '1.00', '2025-06-21 10:35:33'),
(3439, 'prestasi', 7, 15, '1.00', '2025-06-21 10:35:33'),
(3440, 'prestasi', 15, 7, '1.00', '2025-06-21 10:35:33'),
(3441, 'prestasi', 7, 16, '1.00', '2025-06-21 10:35:33'),
(3442, 'prestasi', 16, 7, '1.00', '2025-06-21 10:35:33'),
(3443, 'prestasi', 20, 8, '1.00', '2025-06-21 10:35:33'),
(3444, 'prestasi', 8, 20, '1.00', '2025-06-21 10:35:33'),
(3445, 'prestasi', 20, 2, '1.00', '2025-06-21 10:35:33'),
(3446, 'prestasi', 2, 20, '1.00', '2025-06-21 10:35:33'),
(3447, 'prestasi', 20, 9, '1.00', '2025-06-21 10:35:33'),
(3448, 'prestasi', 9, 20, '1.00', '2025-06-21 10:35:33'),
(3449, 'prestasi', 20, 10, '1.00', '2025-06-21 10:35:33'),
(3450, 'prestasi', 10, 20, '1.00', '2025-06-21 10:35:33'),
(3451, 'prestasi', 20, 11, '1.00', '2025-06-21 10:35:33'),
(3452, 'prestasi', 11, 20, '1.00', '2025-06-21 10:35:33'),
(3453, 'prestasi', 20, 12, '1.00', '2025-06-21 10:35:34'),
(3454, 'prestasi', 12, 20, '1.00', '2025-06-21 10:35:34'),
(3455, 'prestasi', 20, 13, '1.00', '2025-06-21 10:35:34'),
(3456, 'prestasi', 13, 20, '1.00', '2025-06-21 10:35:34'),
(3457, 'prestasi', 20, 3, '1.00', '2025-06-21 10:35:34'),
(3458, 'prestasi', 3, 20, '1.00', '2025-06-21 10:35:34'),
(3459, 'prestasi', 20, 14, '1.00', '2025-06-21 10:35:34'),
(3460, 'prestasi', 14, 20, '1.00', '2025-06-21 10:35:34'),
(3461, 'prestasi', 20, 4, '1.00', '2025-06-21 10:35:34'),
(3462, 'prestasi', 4, 20, '1.00', '2025-06-21 10:35:34'),
(3463, 'prestasi', 20, 15, '1.00', '2025-06-21 10:35:34'),
(3464, 'prestasi', 15, 20, '1.00', '2025-06-21 10:35:34'),
(3465, 'prestasi', 20, 16, '1.00', '2025-06-21 10:35:34'),
(3466, 'prestasi', 16, 20, '1.00', '2025-06-21 10:35:34'),
(3467, 'prestasi', 8, 2, '1.00', '2025-06-21 10:35:34'),
(3468, 'prestasi', 2, 8, '1.00', '2025-06-21 10:35:34'),
(3469, 'prestasi', 8, 9, '1.00', '2025-06-21 10:35:34'),
(3470, 'prestasi', 9, 8, '1.00', '2025-06-21 10:35:34'),
(3471, 'prestasi', 8, 10, '1.00', '2025-06-21 10:35:34'),
(3472, 'prestasi', 10, 8, '1.00', '2025-06-21 10:35:34'),
(3473, 'prestasi', 8, 11, '1.00', '2025-06-21 10:35:34'),
(3474, 'prestasi', 11, 8, '1.00', '2025-06-21 10:35:34'),
(3475, 'prestasi', 8, 12, '1.00', '2025-06-21 10:35:34'),
(3476, 'prestasi', 12, 8, '1.00', '2025-06-21 10:35:34'),
(3477, 'prestasi', 8, 13, '1.00', '2025-06-21 10:35:34'),
(3478, 'prestasi', 13, 8, '1.00', '2025-06-21 10:35:34'),
(3479, 'prestasi', 8, 3, '1.00', '2025-06-21 10:35:34'),
(3480, 'prestasi', 3, 8, '1.00', '2025-06-21 10:35:34'),
(3481, 'prestasi', 8, 14, '1.00', '2025-06-21 10:35:34'),
(3482, 'prestasi', 14, 8, '1.00', '2025-06-21 10:35:34'),
(3483, 'prestasi', 8, 4, '1.00', '2025-06-21 10:35:34'),
(3484, 'prestasi', 4, 8, '1.00', '2025-06-21 10:35:34'),
(3485, 'prestasi', 8, 15, '1.00', '2025-06-21 10:35:34'),
(3486, 'prestasi', 15, 8, '1.00', '2025-06-21 10:35:34'),
(3487, 'prestasi', 8, 16, '1.00', '2025-06-21 10:35:34'),
(3488, 'prestasi', 16, 8, '1.00', '2025-06-21 10:35:34'),
(3489, 'prestasi', 2, 9, '5.00', '2025-06-21 10:35:34'),
(3490, 'prestasi', 9, 2, '0.20', '2025-06-21 10:35:34'),
(3491, 'prestasi', 2, 10, '7.00', '2025-06-21 10:35:34'),
(3492, 'prestasi', 10, 2, '0.14', '2025-06-21 10:35:34'),
(3493, 'prestasi', 2, 11, '1.00', '2025-06-21 10:35:34'),
(3494, 'prestasi', 11, 2, '1.00', '2025-06-21 10:35:34'),
(3495, 'prestasi', 2, 12, '1.00', '2025-06-21 10:35:34'),
(3496, 'prestasi', 12, 2, '1.00', '2025-06-21 10:35:34'),
(3497, 'prestasi', 2, 13, '3.00', '2025-06-21 10:35:34'),
(3498, 'prestasi', 13, 2, '0.33', '2025-06-21 10:35:34'),
(3499, 'prestasi', 2, 3, '3.00', '2025-06-21 10:35:34'),
(3500, 'prestasi', 3, 2, '0.33', '2025-06-21 10:35:34'),
(3501, 'prestasi', 2, 14, '5.00', '2025-06-21 10:35:34'),
(3502, 'prestasi', 14, 2, '0.20', '2025-06-21 10:35:34'),
(3503, 'prestasi', 2, 4, '5.00', '2025-06-21 10:35:34'),
(3504, 'prestasi', 4, 2, '0.20', '2025-06-21 10:35:34'),
(3505, 'prestasi', 2, 15, '7.00', '2025-06-21 10:35:34'),
(3506, 'prestasi', 15, 2, '0.14', '2025-06-21 10:35:34'),
(3507, 'prestasi', 2, 16, '1.00', '2025-06-21 10:35:34'),
(3508, 'prestasi', 16, 2, '1.00', '2025-06-21 10:35:34'),
(3509, 'prestasi', 9, 10, '1.00', '2025-06-21 10:35:34'),
(3510, 'prestasi', 10, 9, '1.00', '2025-06-21 10:35:34'),
(3511, 'prestasi', 9, 11, '1.00', '2025-06-21 10:35:34'),
(3512, 'prestasi', 11, 9, '1.00', '2025-06-21 10:35:34'),
(3513, 'prestasi', 9, 12, '1.00', '2025-06-21 10:35:34'),
(3514, 'prestasi', 12, 9, '1.00', '2025-06-21 10:35:34'),
(3515, 'prestasi', 9, 13, '1.00', '2025-06-21 10:35:34'),
(3516, 'prestasi', 13, 9, '1.00', '2025-06-21 10:35:34'),
(3517, 'prestasi', 9, 3, '1.00', '2025-06-21 10:35:34'),
(3518, 'prestasi', 3, 9, '1.00', '2025-06-21 10:35:34'),
(3519, 'prestasi', 9, 14, '1.00', '2025-06-21 10:35:34'),
(3520, 'prestasi', 14, 9, '1.00', '2025-06-21 10:35:34'),
(3521, 'prestasi', 9, 4, '1.00', '2025-06-21 10:35:34'),
(3522, 'prestasi', 4, 9, '1.00', '2025-06-21 10:35:34'),
(3523, 'prestasi', 9, 15, '1.00', '2025-06-21 10:35:34'),
(3524, 'prestasi', 15, 9, '1.00', '2025-06-21 10:35:34'),
(3525, 'prestasi', 9, 16, '1.00', '2025-06-21 10:35:34'),
(3526, 'prestasi', 16, 9, '1.00', '2025-06-21 10:35:34'),
(3527, 'prestasi', 10, 11, '1.00', '2025-06-21 10:35:34'),
(3528, 'prestasi', 11, 10, '1.00', '2025-06-21 10:35:34'),
(3529, 'prestasi', 10, 12, '1.00', '2025-06-21 10:35:34'),
(3530, 'prestasi', 12, 10, '1.00', '2025-06-21 10:35:34'),
(3531, 'prestasi', 10, 13, '1.00', '2025-06-21 10:35:34'),
(3532, 'prestasi', 13, 10, '1.00', '2025-06-21 10:35:34'),
(3533, 'prestasi', 10, 3, '1.00', '2025-06-21 10:35:34'),
(3534, 'prestasi', 3, 10, '1.00', '2025-06-21 10:35:34'),
(3535, 'prestasi', 10, 14, '1.00', '2025-06-21 10:35:34'),
(3536, 'prestasi', 14, 10, '1.00', '2025-06-21 10:35:34'),
(3537, 'prestasi', 10, 4, '1.00', '2025-06-21 10:35:34'),
(3538, 'prestasi', 4, 10, '1.00', '2025-06-21 10:35:34'),
(3539, 'prestasi', 10, 15, '1.00', '2025-06-21 10:35:34'),
(3540, 'prestasi', 15, 10, '1.00', '2025-06-21 10:35:34'),
(3541, 'prestasi', 10, 16, '1.00', '2025-06-21 10:35:34'),
(3542, 'prestasi', 16, 10, '1.00', '2025-06-21 10:35:34'),
(3543, 'prestasi', 11, 12, '1.00', '2025-06-21 10:35:34'),
(3544, 'prestasi', 12, 11, '1.00', '2025-06-21 10:35:34'),
(3545, 'prestasi', 11, 13, '1.00', '2025-06-21 10:35:34'),
(3546, 'prestasi', 13, 11, '1.00', '2025-06-21 10:35:34'),
(3547, 'prestasi', 11, 3, '1.00', '2025-06-21 10:35:34'),
(3548, 'prestasi', 3, 11, '1.00', '2025-06-21 10:35:34'),
(3549, 'prestasi', 11, 14, '1.00', '2025-06-21 10:35:34'),
(3550, 'prestasi', 14, 11, '1.00', '2025-06-21 10:35:34'),
(3551, 'prestasi', 11, 4, '1.00', '2025-06-21 10:35:34'),
(3552, 'prestasi', 4, 11, '1.00', '2025-06-21 10:35:34'),
(3553, 'prestasi', 11, 15, '1.00', '2025-06-21 10:35:34'),
(3554, 'prestasi', 15, 11, '1.00', '2025-06-21 10:35:34'),
(3555, 'prestasi', 11, 16, '1.00', '2025-06-21 10:35:34'),
(3556, 'prestasi', 16, 11, '1.00', '2025-06-21 10:35:34'),
(3557, 'prestasi', 12, 13, '1.00', '2025-06-21 10:35:34'),
(3558, 'prestasi', 13, 12, '1.00', '2025-06-21 10:35:34'),
(3559, 'prestasi', 12, 3, '1.00', '2025-06-21 10:35:34'),
(3560, 'prestasi', 3, 12, '1.00', '2025-06-21 10:35:34'),
(3561, 'prestasi', 12, 14, '1.00', '2025-06-21 10:35:34'),
(3562, 'prestasi', 14, 12, '1.00', '2025-06-21 10:35:34'),
(3563, 'prestasi', 12, 4, '1.00', '2025-06-21 10:35:34'),
(3564, 'prestasi', 4, 12, '1.00', '2025-06-21 10:35:34'),
(3565, 'prestasi', 12, 15, '1.00', '2025-06-21 10:35:34'),
(3566, 'prestasi', 15, 12, '1.00', '2025-06-21 10:35:34'),
(3567, 'prestasi', 12, 16, '1.00', '2025-06-21 10:35:34'),
(3568, 'prestasi', 16, 12, '1.00', '2025-06-21 10:35:34'),
(3569, 'prestasi', 13, 3, '1.00', '2025-06-21 10:35:34'),
(3570, 'prestasi', 3, 13, '1.00', '2025-06-21 10:35:34'),
(3571, 'prestasi', 13, 14, '1.00', '2025-06-21 10:35:34'),
(3572, 'prestasi', 14, 13, '1.00', '2025-06-21 10:35:34'),
(3573, 'prestasi', 13, 4, '1.00', '2025-06-21 10:35:34'),
(3574, 'prestasi', 4, 13, '1.00', '2025-06-21 10:35:34'),
(3575, 'prestasi', 13, 15, '1.00', '2025-06-21 10:35:34'),
(3576, 'prestasi', 15, 13, '1.00', '2025-06-21 10:35:34'),
(3577, 'prestasi', 13, 16, '1.00', '2025-06-21 10:35:34'),
(3578, 'prestasi', 16, 13, '1.00', '2025-06-21 10:35:34'),
(3579, 'prestasi', 3, 14, '1.00', '2025-06-21 10:35:34'),
(3580, 'prestasi', 14, 3, '1.00', '2025-06-21 10:35:34'),
(3581, 'prestasi', 3, 4, '1.00', '2025-06-21 10:35:34'),
(3582, 'prestasi', 4, 3, '1.00', '2025-06-21 10:35:34'),
(3583, 'prestasi', 3, 15, '1.00', '2025-06-21 10:35:34'),
(3584, 'prestasi', 15, 3, '1.00', '2025-06-21 10:35:34'),
(3585, 'prestasi', 3, 16, '1.00', '2025-06-21 10:35:34'),
(3586, 'prestasi', 16, 3, '1.00', '2025-06-21 10:35:34'),
(3587, 'prestasi', 14, 4, '1.00', '2025-06-21 10:35:34'),
(3588, 'prestasi', 4, 14, '1.00', '2025-06-21 10:35:34'),
(3589, 'prestasi', 14, 15, '1.00', '2025-06-21 10:35:34'),
(3590, 'prestasi', 15, 14, '1.00', '2025-06-21 10:35:34'),
(3591, 'prestasi', 14, 16, '1.00', '2025-06-21 10:35:34'),
(3592, 'prestasi', 16, 14, '1.00', '2025-06-21 10:35:34'),
(3593, 'prestasi', 4, 15, '1.00', '2025-06-21 10:35:34'),
(3594, 'prestasi', 15, 4, '1.00', '2025-06-21 10:35:34'),
(3595, 'prestasi', 4, 16, '1.00', '2025-06-21 10:35:34'),
(3596, 'prestasi', 16, 4, '1.00', '2025-06-21 10:35:34'),
(3597, 'prestasi', 15, 16, '1.00', '2025-06-21 10:35:34'),
(3598, 'prestasi', 16, 15, '1.00', '2025-06-21 10:35:34'),
(3599, 'inisiatif', 5, 17, '1.00', '2025-06-21 10:36:28'),
(3600, 'inisiatif', 17, 5, '1.00', '2025-06-21 10:36:28'),
(3601, 'inisiatif', 5, 18, '1.00', '2025-06-21 10:36:28'),
(3602, 'inisiatif', 18, 5, '1.00', '2025-06-21 10:36:28'),
(3603, 'inisiatif', 5, 6, '1.00', '2025-06-21 10:36:28'),
(3604, 'inisiatif', 6, 5, '1.00', '2025-06-21 10:36:28'),
(3605, 'inisiatif', 5, 19, '1.00', '2025-06-21 10:36:28'),
(3606, 'inisiatif', 19, 5, '1.00', '2025-06-21 10:36:28'),
(3607, 'inisiatif', 5, 1, '1.00', '2025-06-21 10:36:28'),
(3608, 'inisiatif', 1, 5, '1.00', '2025-06-21 10:36:28'),
(3609, 'inisiatif', 5, 7, '1.00', '2025-06-21 10:36:28'),
(3610, 'inisiatif', 7, 5, '1.00', '2025-06-21 10:36:28'),
(3611, 'inisiatif', 5, 20, '1.00', '2025-06-21 10:36:28'),
(3612, 'inisiatif', 20, 5, '1.00', '2025-06-21 10:36:28'),
(3613, 'inisiatif', 5, 8, '1.00', '2025-06-21 10:36:28'),
(3614, 'inisiatif', 8, 5, '1.00', '2025-06-21 10:36:28'),
(3615, 'inisiatif', 5, 2, '1.00', '2025-06-21 10:36:28'),
(3616, 'inisiatif', 2, 5, '1.00', '2025-06-21 10:36:28'),
(3617, 'inisiatif', 5, 9, '1.00', '2025-06-21 10:36:28'),
(3618, 'inisiatif', 9, 5, '1.00', '2025-06-21 10:36:28'),
(3619, 'inisiatif', 5, 10, '1.00', '2025-06-21 10:36:28'),
(3620, 'inisiatif', 10, 5, '1.00', '2025-06-21 10:36:28'),
(3621, 'inisiatif', 5, 11, '1.00', '2025-06-21 10:36:28'),
(3622, 'inisiatif', 11, 5, '1.00', '2025-06-21 10:36:28'),
(3623, 'inisiatif', 5, 12, '1.00', '2025-06-21 10:36:28'),
(3624, 'inisiatif', 12, 5, '1.00', '2025-06-21 10:36:28'),
(3625, 'inisiatif', 5, 13, '1.00', '2025-06-21 10:36:28'),
(3626, 'inisiatif', 13, 5, '1.00', '2025-06-21 10:36:28'),
(3627, 'inisiatif', 5, 3, '1.00', '2025-06-21 10:36:28'),
(3628, 'inisiatif', 3, 5, '1.00', '2025-06-21 10:36:28'),
(3629, 'inisiatif', 5, 14, '1.00', '2025-06-21 10:36:28'),
(3630, 'inisiatif', 14, 5, '1.00', '2025-06-21 10:36:28'),
(3631, 'inisiatif', 5, 4, '1.00', '2025-06-21 10:36:28'),
(3632, 'inisiatif', 4, 5, '1.00', '2025-06-21 10:36:28'),
(3633, 'inisiatif', 5, 15, '1.00', '2025-06-21 10:36:28'),
(3634, 'inisiatif', 15, 5, '1.00', '2025-06-21 10:36:28'),
(3635, 'inisiatif', 5, 16, '1.00', '2025-06-21 10:36:28'),
(3636, 'inisiatif', 16, 5, '1.00', '2025-06-21 10:36:28'),
(3637, 'inisiatif', 17, 18, '1.00', '2025-06-21 10:36:28'),
(3638, 'inisiatif', 18, 17, '1.00', '2025-06-21 10:36:28'),
(3639, 'inisiatif', 17, 6, '1.00', '2025-06-21 10:36:28'),
(3640, 'inisiatif', 6, 17, '1.00', '2025-06-21 10:36:28'),
(3641, 'inisiatif', 17, 19, '1.00', '2025-06-21 10:36:28'),
(3642, 'inisiatif', 19, 17, '1.00', '2025-06-21 10:36:28'),
(3643, 'inisiatif', 17, 1, '1.00', '2025-06-21 10:36:28'),
(3644, 'inisiatif', 1, 17, '1.00', '2025-06-21 10:36:28'),
(3645, 'inisiatif', 17, 7, '1.00', '2025-06-21 10:36:28'),
(3646, 'inisiatif', 7, 17, '1.00', '2025-06-21 10:36:28'),
(3647, 'inisiatif', 17, 20, '1.00', '2025-06-21 10:36:28'),
(3648, 'inisiatif', 20, 17, '1.00', '2025-06-21 10:36:28'),
(3649, 'inisiatif', 17, 8, '1.00', '2025-06-21 10:36:28'),
(3650, 'inisiatif', 8, 17, '1.00', '2025-06-21 10:36:28'),
(3651, 'inisiatif', 17, 2, '1.00', '2025-06-21 10:36:28'),
(3652, 'inisiatif', 2, 17, '1.00', '2025-06-21 10:36:28'),
(3653, 'inisiatif', 17, 9, '1.00', '2025-06-21 10:36:28'),
(3654, 'inisiatif', 9, 17, '1.00', '2025-06-21 10:36:28'),
(3655, 'inisiatif', 17, 10, '1.00', '2025-06-21 10:36:28'),
(3656, 'inisiatif', 10, 17, '1.00', '2025-06-21 10:36:28'),
(3657, 'inisiatif', 17, 11, '1.00', '2025-06-21 10:36:28'),
(3658, 'inisiatif', 11, 17, '1.00', '2025-06-21 10:36:28'),
(3659, 'inisiatif', 17, 12, '1.00', '2025-06-21 10:36:28'),
(3660, 'inisiatif', 12, 17, '1.00', '2025-06-21 10:36:28'),
(3661, 'inisiatif', 17, 13, '1.00', '2025-06-21 10:36:28'),
(3662, 'inisiatif', 13, 17, '1.00', '2025-06-21 10:36:28'),
(3663, 'inisiatif', 17, 3, '1.00', '2025-06-21 10:36:28'),
(3664, 'inisiatif', 3, 17, '1.00', '2025-06-21 10:36:28'),
(3665, 'inisiatif', 17, 14, '1.00', '2025-06-21 10:36:28'),
(3666, 'inisiatif', 14, 17, '1.00', '2025-06-21 10:36:28'),
(3667, 'inisiatif', 17, 4, '1.00', '2025-06-21 10:36:28'),
(3668, 'inisiatif', 4, 17, '1.00', '2025-06-21 10:36:28'),
(3669, 'inisiatif', 17, 15, '1.00', '2025-06-21 10:36:28'),
(3670, 'inisiatif', 15, 17, '1.00', '2025-06-21 10:36:28'),
(3671, 'inisiatif', 17, 16, '1.00', '2025-06-21 10:36:28'),
(3672, 'inisiatif', 16, 17, '1.00', '2025-06-21 10:36:28'),
(3673, 'inisiatif', 18, 6, '1.00', '2025-06-21 10:36:28'),
(3674, 'inisiatif', 6, 18, '1.00', '2025-06-21 10:36:28'),
(3675, 'inisiatif', 18, 19, '1.00', '2025-06-21 10:36:28'),
(3676, 'inisiatif', 19, 18, '1.00', '2025-06-21 10:36:28'),
(3677, 'inisiatif', 18, 1, '1.00', '2025-06-21 10:36:28'),
(3678, 'inisiatif', 1, 18, '1.00', '2025-06-21 10:36:28'),
(3679, 'inisiatif', 18, 7, '1.00', '2025-06-21 10:36:28'),
(3680, 'inisiatif', 7, 18, '1.00', '2025-06-21 10:36:28'),
(3681, 'inisiatif', 18, 20, '1.00', '2025-06-21 10:36:28'),
(3682, 'inisiatif', 20, 18, '1.00', '2025-06-21 10:36:28'),
(3683, 'inisiatif', 18, 8, '1.00', '2025-06-21 10:36:28'),
(3684, 'inisiatif', 8, 18, '1.00', '2025-06-21 10:36:28'),
(3685, 'inisiatif', 18, 2, '1.00', '2025-06-21 10:36:28'),
(3686, 'inisiatif', 2, 18, '1.00', '2025-06-21 10:36:28'),
(3687, 'inisiatif', 18, 9, '1.00', '2025-06-21 10:36:28'),
(3688, 'inisiatif', 9, 18, '1.00', '2025-06-21 10:36:28'),
(3689, 'inisiatif', 18, 10, '1.00', '2025-06-21 10:36:28'),
(3690, 'inisiatif', 10, 18, '1.00', '2025-06-21 10:36:28'),
(3691, 'inisiatif', 18, 11, '1.00', '2025-06-21 10:36:28'),
(3692, 'inisiatif', 11, 18, '1.00', '2025-06-21 10:36:28'),
(3693, 'inisiatif', 18, 12, '1.00', '2025-06-21 10:36:28'),
(3694, 'inisiatif', 12, 18, '1.00', '2025-06-21 10:36:28'),
(3695, 'inisiatif', 18, 13, '1.00', '2025-06-21 10:36:28'),
(3696, 'inisiatif', 13, 18, '1.00', '2025-06-21 10:36:28'),
(3697, 'inisiatif', 18, 3, '1.00', '2025-06-21 10:36:28'),
(3698, 'inisiatif', 3, 18, '1.00', '2025-06-21 10:36:28'),
(3699, 'inisiatif', 18, 14, '1.00', '2025-06-21 10:36:28'),
(3700, 'inisiatif', 14, 18, '1.00', '2025-06-21 10:36:28'),
(3701, 'inisiatif', 18, 4, '1.00', '2025-06-21 10:36:28'),
(3702, 'inisiatif', 4, 18, '1.00', '2025-06-21 10:36:28'),
(3703, 'inisiatif', 18, 15, '1.00', '2025-06-21 10:36:28'),
(3704, 'inisiatif', 15, 18, '1.00', '2025-06-21 10:36:28'),
(3705, 'inisiatif', 18, 16, '1.00', '2025-06-21 10:36:28'),
(3706, 'inisiatif', 16, 18, '1.00', '2025-06-21 10:36:28'),
(3707, 'inisiatif', 6, 19, '1.00', '2025-06-21 10:36:28'),
(3708, 'inisiatif', 19, 6, '1.00', '2025-06-21 10:36:28'),
(3709, 'inisiatif', 6, 1, '1.00', '2025-06-21 10:36:28'),
(3710, 'inisiatif', 1, 6, '1.00', '2025-06-21 10:36:28'),
(3711, 'inisiatif', 6, 7, '1.00', '2025-06-21 10:36:28'),
(3712, 'inisiatif', 7, 6, '1.00', '2025-06-21 10:36:28'),
(3713, 'inisiatif', 6, 20, '1.00', '2025-06-21 10:36:28'),
(3714, 'inisiatif', 20, 6, '1.00', '2025-06-21 10:36:28'),
(3715, 'inisiatif', 6, 8, '1.00', '2025-06-21 10:36:28'),
(3716, 'inisiatif', 8, 6, '1.00', '2025-06-21 10:36:28'),
(3717, 'inisiatif', 6, 2, '1.00', '2025-06-21 10:36:28'),
(3718, 'inisiatif', 2, 6, '1.00', '2025-06-21 10:36:28'),
(3719, 'inisiatif', 6, 9, '1.00', '2025-06-21 10:36:28'),
(3720, 'inisiatif', 9, 6, '1.00', '2025-06-21 10:36:28'),
(3721, 'inisiatif', 6, 10, '1.00', '2025-06-21 10:36:28'),
(3722, 'inisiatif', 10, 6, '1.00', '2025-06-21 10:36:28'),
(3723, 'inisiatif', 6, 11, '1.00', '2025-06-21 10:36:28'),
(3724, 'inisiatif', 11, 6, '1.00', '2025-06-21 10:36:28'),
(3725, 'inisiatif', 6, 12, '1.00', '2025-06-21 10:36:28'),
(3726, 'inisiatif', 12, 6, '1.00', '2025-06-21 10:36:28'),
(3727, 'inisiatif', 6, 13, '1.00', '2025-06-21 10:36:28'),
(3728, 'inisiatif', 13, 6, '1.00', '2025-06-21 10:36:28'),
(3729, 'inisiatif', 6, 3, '1.00', '2025-06-21 10:36:28'),
(3730, 'inisiatif', 3, 6, '1.00', '2025-06-21 10:36:28'),
(3731, 'inisiatif', 6, 14, '1.00', '2025-06-21 10:36:28'),
(3732, 'inisiatif', 14, 6, '1.00', '2025-06-21 10:36:28'),
(3733, 'inisiatif', 6, 4, '1.00', '2025-06-21 10:36:28'),
(3734, 'inisiatif', 4, 6, '1.00', '2025-06-21 10:36:28'),
(3735, 'inisiatif', 6, 15, '1.00', '2025-06-21 10:36:28'),
(3736, 'inisiatif', 15, 6, '1.00', '2025-06-21 10:36:28'),
(3737, 'inisiatif', 6, 16, '1.00', '2025-06-21 10:36:28'),
(3738, 'inisiatif', 16, 6, '1.00', '2025-06-21 10:36:28'),
(3739, 'inisiatif', 19, 1, '1.00', '2025-06-21 10:36:28'),
(3740, 'inisiatif', 1, 19, '1.00', '2025-06-21 10:36:28'),
(3741, 'inisiatif', 19, 7, '1.00', '2025-06-21 10:36:28'),
(3742, 'inisiatif', 7, 19, '1.00', '2025-06-21 10:36:28'),
(3743, 'inisiatif', 19, 20, '1.00', '2025-06-21 10:36:28'),
(3744, 'inisiatif', 20, 19, '1.00', '2025-06-21 10:36:28'),
(3745, 'inisiatif', 19, 8, '1.00', '2025-06-21 10:36:28'),
(3746, 'inisiatif', 8, 19, '1.00', '2025-06-21 10:36:28'),
(3747, 'inisiatif', 19, 2, '1.00', '2025-06-21 10:36:28'),
(3748, 'inisiatif', 2, 19, '1.00', '2025-06-21 10:36:28'),
(3749, 'inisiatif', 19, 9, '1.00', '2025-06-21 10:36:28'),
(3750, 'inisiatif', 9, 19, '1.00', '2025-06-21 10:36:28'),
(3751, 'inisiatif', 19, 10, '1.00', '2025-06-21 10:36:28'),
(3752, 'inisiatif', 10, 19, '1.00', '2025-06-21 10:36:28'),
(3753, 'inisiatif', 19, 11, '1.00', '2025-06-21 10:36:28'),
(3754, 'inisiatif', 11, 19, '1.00', '2025-06-21 10:36:28'),
(3755, 'inisiatif', 19, 12, '1.00', '2025-06-21 10:36:28'),
(3756, 'inisiatif', 12, 19, '1.00', '2025-06-21 10:36:28'),
(3757, 'inisiatif', 19, 13, '1.00', '2025-06-21 10:36:28'),
(3758, 'inisiatif', 13, 19, '1.00', '2025-06-21 10:36:28'),
(3759, 'inisiatif', 19, 3, '1.00', '2025-06-21 10:36:28'),
(3760, 'inisiatif', 3, 19, '1.00', '2025-06-21 10:36:28'),
(3761, 'inisiatif', 19, 14, '1.00', '2025-06-21 10:36:28'),
(3762, 'inisiatif', 14, 19, '1.00', '2025-06-21 10:36:28'),
(3763, 'inisiatif', 19, 4, '1.00', '2025-06-21 10:36:28'),
(3764, 'inisiatif', 4, 19, '1.00', '2025-06-21 10:36:28'),
(3765, 'inisiatif', 19, 15, '1.00', '2025-06-21 10:36:28'),
(3766, 'inisiatif', 15, 19, '1.00', '2025-06-21 10:36:28'),
(3767, 'inisiatif', 19, 16, '1.00', '2025-06-21 10:36:28'),
(3768, 'inisiatif', 16, 19, '1.00', '2025-06-21 10:36:28'),
(3769, 'inisiatif', 1, 7, '1.00', '2025-06-21 10:36:28'),
(3770, 'inisiatif', 7, 1, '1.00', '2025-06-21 10:36:28'),
(3771, 'inisiatif', 1, 20, '7.00', '2025-06-21 10:36:28'),
(3772, 'inisiatif', 20, 1, '0.14', '2025-06-21 10:36:28'),
(3773, 'inisiatif', 1, 8, '3.00', '2025-06-21 10:36:28'),
(3774, 'inisiatif', 8, 1, '0.33', '2025-06-21 10:36:28'),
(3775, 'inisiatif', 1, 2, '1.00', '2025-06-21 10:36:28'),
(3776, 'inisiatif', 2, 1, '1.00', '2025-06-21 10:36:28'),
(3777, 'inisiatif', 1, 9, '5.00', '2025-06-21 10:36:28'),
(3778, 'inisiatif', 9, 1, '0.20', '2025-06-21 10:36:28'),
(3779, 'inisiatif', 1, 10, '7.00', '2025-06-21 10:36:28'),
(3780, 'inisiatif', 10, 1, '0.14', '2025-06-21 10:36:28'),
(3781, 'inisiatif', 1, 11, '9.00', '2025-06-21 10:36:28'),
(3782, 'inisiatif', 11, 1, '0.11', '2025-06-21 10:36:28'),
(3783, 'inisiatif', 1, 12, '1.00', '2025-06-21 10:36:28'),
(3784, 'inisiatif', 12, 1, '1.00', '2025-06-21 10:36:28'),
(3785, 'inisiatif', 1, 13, '3.00', '2025-06-21 10:36:28'),
(3786, 'inisiatif', 13, 1, '0.33', '2025-06-21 10:36:28'),
(3787, 'inisiatif', 1, 3, '3.00', '2025-06-21 10:36:28'),
(3788, 'inisiatif', 3, 1, '0.33', '2025-06-21 10:36:28'),
(3789, 'inisiatif', 1, 14, '5.00', '2025-06-21 10:36:28'),
(3790, 'inisiatif', 14, 1, '0.20', '2025-06-21 10:36:28'),
(3791, 'inisiatif', 1, 4, '5.00', '2025-06-21 10:36:28'),
(3792, 'inisiatif', 4, 1, '0.20', '2025-06-21 10:36:28'),
(3793, 'inisiatif', 1, 15, '7.00', '2025-06-21 10:36:28'),
(3794, 'inisiatif', 15, 1, '0.14', '2025-06-21 10:36:28'),
(3795, 'inisiatif', 1, 16, '9.00', '2025-06-21 10:36:28'),
(3796, 'inisiatif', 16, 1, '0.11', '2025-06-21 10:36:28'),
(3797, 'inisiatif', 7, 20, '1.00', '2025-06-21 10:36:28'),
(3798, 'inisiatif', 20, 7, '1.00', '2025-06-21 10:36:28'),
(3799, 'inisiatif', 7, 8, '1.00', '2025-06-21 10:36:28'),
(3800, 'inisiatif', 8, 7, '1.00', '2025-06-21 10:36:28'),
(3801, 'inisiatif', 7, 2, '1.00', '2025-06-21 10:36:28'),
(3802, 'inisiatif', 2, 7, '1.00', '2025-06-21 10:36:28'),
(3803, 'inisiatif', 7, 9, '1.00', '2025-06-21 10:36:28'),
(3804, 'inisiatif', 9, 7, '1.00', '2025-06-21 10:36:28'),
(3805, 'inisiatif', 7, 10, '1.00', '2025-06-21 10:36:28'),
(3806, 'inisiatif', 10, 7, '1.00', '2025-06-21 10:36:28'),
(3807, 'inisiatif', 7, 11, '1.00', '2025-06-21 10:36:28'),
(3808, 'inisiatif', 11, 7, '1.00', '2025-06-21 10:36:28'),
(3809, 'inisiatif', 7, 12, '1.00', '2025-06-21 10:36:28'),
(3810, 'inisiatif', 12, 7, '1.00', '2025-06-21 10:36:28'),
(3811, 'inisiatif', 7, 13, '1.00', '2025-06-21 10:36:28'),
(3812, 'inisiatif', 13, 7, '1.00', '2025-06-21 10:36:28'),
(3813, 'inisiatif', 7, 3, '1.00', '2025-06-21 10:36:28'),
(3814, 'inisiatif', 3, 7, '1.00', '2025-06-21 10:36:28'),
(3815, 'inisiatif', 7, 14, '1.00', '2025-06-21 10:36:28'),
(3816, 'inisiatif', 14, 7, '1.00', '2025-06-21 10:36:28'),
(3817, 'inisiatif', 7, 4, '1.00', '2025-06-21 10:36:28'),
(3818, 'inisiatif', 4, 7, '1.00', '2025-06-21 10:36:28'),
(3819, 'inisiatif', 7, 15, '1.00', '2025-06-21 10:36:28'),
(3820, 'inisiatif', 15, 7, '1.00', '2025-06-21 10:36:28'),
(3821, 'inisiatif', 7, 16, '1.00', '2025-06-21 10:36:28'),
(3822, 'inisiatif', 16, 7, '1.00', '2025-06-21 10:36:28'),
(3823, 'inisiatif', 20, 8, '1.00', '2025-06-21 10:36:28'),
(3824, 'inisiatif', 8, 20, '1.00', '2025-06-21 10:36:28'),
(3825, 'inisiatif', 20, 2, '1.00', '2025-06-21 10:36:28'),
(3826, 'inisiatif', 2, 20, '1.00', '2025-06-21 10:36:28'),
(3827, 'inisiatif', 20, 9, '1.00', '2025-06-21 10:36:28'),
(3828, 'inisiatif', 9, 20, '1.00', '2025-06-21 10:36:28'),
(3829, 'inisiatif', 20, 10, '1.00', '2025-06-21 10:36:28'),
(3830, 'inisiatif', 10, 20, '1.00', '2025-06-21 10:36:28'),
(3831, 'inisiatif', 20, 11, '1.00', '2025-06-21 10:36:28'),
(3832, 'inisiatif', 11, 20, '1.00', '2025-06-21 10:36:28'),
(3833, 'inisiatif', 20, 12, '1.00', '2025-06-21 10:36:28'),
(3834, 'inisiatif', 12, 20, '1.00', '2025-06-21 10:36:28'),
(3835, 'inisiatif', 20, 13, '1.00', '2025-06-21 10:36:28'),
(3836, 'inisiatif', 13, 20, '1.00', '2025-06-21 10:36:28'),
(3837, 'inisiatif', 20, 3, '1.00', '2025-06-21 10:36:28'),
(3838, 'inisiatif', 3, 20, '1.00', '2025-06-21 10:36:28'),
(3839, 'inisiatif', 20, 14, '1.00', '2025-06-21 10:36:28'),
(3840, 'inisiatif', 14, 20, '1.00', '2025-06-21 10:36:28'),
(3841, 'inisiatif', 20, 4, '1.00', '2025-06-21 10:36:28'),
(3842, 'inisiatif', 4, 20, '1.00', '2025-06-21 10:36:28'),
(3843, 'inisiatif', 20, 15, '1.00', '2025-06-21 10:36:28'),
(3844, 'inisiatif', 15, 20, '1.00', '2025-06-21 10:36:28'),
(3845, 'inisiatif', 20, 16, '1.00', '2025-06-21 10:36:28'),
(3846, 'inisiatif', 16, 20, '1.00', '2025-06-21 10:36:28'),
(3847, 'inisiatif', 8, 2, '1.00', '2025-06-21 10:36:28'),
(3848, 'inisiatif', 2, 8, '1.00', '2025-06-21 10:36:28'),
(3849, 'inisiatif', 8, 9, '1.00', '2025-06-21 10:36:28'),
(3850, 'inisiatif', 9, 8, '1.00', '2025-06-21 10:36:28'),
(3851, 'inisiatif', 8, 10, '1.00', '2025-06-21 10:36:28'),
(3852, 'inisiatif', 10, 8, '1.00', '2025-06-21 10:36:28'),
(3853, 'inisiatif', 8, 11, '1.00', '2025-06-21 10:36:28'),
(3854, 'inisiatif', 11, 8, '1.00', '2025-06-21 10:36:28'),
(3855, 'inisiatif', 8, 12, '1.00', '2025-06-21 10:36:28'),
(3856, 'inisiatif', 12, 8, '1.00', '2025-06-21 10:36:28'),
(3857, 'inisiatif', 8, 13, '1.00', '2025-06-21 10:36:28'),
(3858, 'inisiatif', 13, 8, '1.00', '2025-06-21 10:36:28'),
(3859, 'inisiatif', 8, 3, '1.00', '2025-06-21 10:36:28'),
(3860, 'inisiatif', 3, 8, '1.00', '2025-06-21 10:36:28'),
(3861, 'inisiatif', 8, 14, '1.00', '2025-06-21 10:36:28'),
(3862, 'inisiatif', 14, 8, '1.00', '2025-06-21 10:36:28'),
(3863, 'inisiatif', 8, 4, '1.00', '2025-06-21 10:36:28'),
(3864, 'inisiatif', 4, 8, '1.00', '2025-06-21 10:36:28'),
(3865, 'inisiatif', 8, 15, '1.00', '2025-06-21 10:36:28'),
(3866, 'inisiatif', 15, 8, '1.00', '2025-06-21 10:36:28'),
(3867, 'inisiatif', 8, 16, '1.00', '2025-06-21 10:36:28'),
(3868, 'inisiatif', 16, 8, '1.00', '2025-06-21 10:36:28'),
(3869, 'inisiatif', 2, 9, '5.00', '2025-06-21 10:36:28'),
(3870, 'inisiatif', 9, 2, '0.20', '2025-06-21 10:36:28'),
(3871, 'inisiatif', 2, 10, '7.00', '2025-06-21 10:36:28'),
(3872, 'inisiatif', 10, 2, '0.14', '2025-06-21 10:36:28'),
(3873, 'inisiatif', 2, 11, '9.00', '2025-06-21 10:36:28'),
(3874, 'inisiatif', 11, 2, '0.11', '2025-06-21 10:36:28'),
(3875, 'inisiatif', 2, 12, '1.00', '2025-06-21 10:36:28'),
(3876, 'inisiatif', 12, 2, '1.00', '2025-06-21 10:36:28'),
(3877, 'inisiatif', 2, 13, '1.00', '2025-06-21 10:36:28'),
(3878, 'inisiatif', 13, 2, '1.00', '2025-06-21 10:36:28'),
(3879, 'inisiatif', 2, 3, '1.00', '2025-06-21 10:36:28'),
(3880, 'inisiatif', 3, 2, '1.00', '2025-06-21 10:36:28'),
(3881, 'inisiatif', 2, 14, '1.00', '2025-06-21 10:36:28'),
(3882, 'inisiatif', 14, 2, '1.00', '2025-06-21 10:36:28'),
(3883, 'inisiatif', 2, 4, '1.00', '2025-06-21 10:36:28'),
(3884, 'inisiatif', 4, 2, '1.00', '2025-06-21 10:36:28'),
(3885, 'inisiatif', 2, 15, '2.00', '2025-06-21 10:36:28'),
(3886, 'inisiatif', 15, 2, '0.50', '2025-06-21 10:36:28'),
(3887, 'inisiatif', 2, 16, '9.00', '2025-06-21 10:36:28'),
(3888, 'inisiatif', 16, 2, '0.11', '2025-06-21 10:36:28'),
(3889, 'inisiatif', 9, 10, '1.00', '2025-06-21 10:36:28'),
(3890, 'inisiatif', 10, 9, '1.00', '2025-06-21 10:36:28'),
(3891, 'inisiatif', 9, 11, '1.00', '2025-06-21 10:36:28'),
(3892, 'inisiatif', 11, 9, '1.00', '2025-06-21 10:36:28'),
(3893, 'inisiatif', 9, 12, '1.00', '2025-06-21 10:36:28'),
(3894, 'inisiatif', 12, 9, '1.00', '2025-06-21 10:36:28'),
(3895, 'inisiatif', 9, 13, '1.00', '2025-06-21 10:36:28'),
(3896, 'inisiatif', 13, 9, '1.00', '2025-06-21 10:36:28'),
(3897, 'inisiatif', 9, 3, '1.00', '2025-06-21 10:36:28'),
(3898, 'inisiatif', 3, 9, '1.00', '2025-06-21 10:36:28'),
(3899, 'inisiatif', 9, 14, '1.00', '2025-06-21 10:36:28'),
(3900, 'inisiatif', 14, 9, '1.00', '2025-06-21 10:36:28'),
(3901, 'inisiatif', 9, 4, '1.00', '2025-06-21 10:36:28'),
(3902, 'inisiatif', 4, 9, '1.00', '2025-06-21 10:36:28'),
(3903, 'inisiatif', 9, 15, '1.00', '2025-06-21 10:36:28'),
(3904, 'inisiatif', 15, 9, '1.00', '2025-06-21 10:36:28'),
(3905, 'inisiatif', 9, 16, '1.00', '2025-06-21 10:36:28'),
(3906, 'inisiatif', 16, 9, '1.00', '2025-06-21 10:36:28'),
(3907, 'inisiatif', 10, 11, '1.00', '2025-06-21 10:36:28'),
(3908, 'inisiatif', 11, 10, '1.00', '2025-06-21 10:36:28'),
(3909, 'inisiatif', 10, 12, '1.00', '2025-06-21 10:36:28'),
(3910, 'inisiatif', 12, 10, '1.00', '2025-06-21 10:36:28'),
(3911, 'inisiatif', 10, 13, '1.00', '2025-06-21 10:36:28'),
(3912, 'inisiatif', 13, 10, '1.00', '2025-06-21 10:36:28'),
(3913, 'inisiatif', 10, 3, '1.00', '2025-06-21 10:36:28'),
(3914, 'inisiatif', 3, 10, '1.00', '2025-06-21 10:36:28'),
(3915, 'inisiatif', 10, 14, '1.00', '2025-06-21 10:36:28'),
(3916, 'inisiatif', 14, 10, '1.00', '2025-06-21 10:36:28'),
(3917, 'inisiatif', 10, 4, '1.00', '2025-06-21 10:36:28'),
(3918, 'inisiatif', 4, 10, '1.00', '2025-06-21 10:36:28'),
(3919, 'inisiatif', 10, 15, '1.00', '2025-06-21 10:36:28'),
(3920, 'inisiatif', 15, 10, '1.00', '2025-06-21 10:36:28'),
(3921, 'inisiatif', 10, 16, '1.00', '2025-06-21 10:36:28'),
(3922, 'inisiatif', 16, 10, '1.00', '2025-06-21 10:36:28'),
(3923, 'inisiatif', 11, 12, '1.00', '2025-06-21 10:36:28'),
(3924, 'inisiatif', 12, 11, '1.00', '2025-06-21 10:36:28'),
(3925, 'inisiatif', 11, 13, '1.00', '2025-06-21 10:36:28'),
(3926, 'inisiatif', 13, 11, '1.00', '2025-06-21 10:36:28'),
(3927, 'inisiatif', 11, 3, '1.00', '2025-06-21 10:36:28'),
(3928, 'inisiatif', 3, 11, '1.00', '2025-06-21 10:36:28'),
(3929, 'inisiatif', 11, 14, '1.00', '2025-06-21 10:36:29'),
(3930, 'inisiatif', 14, 11, '1.00', '2025-06-21 10:36:29'),
(3931, 'inisiatif', 11, 4, '1.00', '2025-06-21 10:36:29'),
(3932, 'inisiatif', 4, 11, '1.00', '2025-06-21 10:36:29'),
(3933, 'inisiatif', 11, 15, '1.00', '2025-06-21 10:36:29'),
(3934, 'inisiatif', 15, 11, '1.00', '2025-06-21 10:36:29'),
(3935, 'inisiatif', 11, 16, '1.00', '2025-06-21 10:36:29'),
(3936, 'inisiatif', 16, 11, '1.00', '2025-06-21 10:36:29'),
(3937, 'inisiatif', 12, 13, '1.00', '2025-06-21 10:36:29'),
(3938, 'inisiatif', 13, 12, '1.00', '2025-06-21 10:36:29'),
(3939, 'inisiatif', 12, 3, '1.00', '2025-06-21 10:36:29'),
(3940, 'inisiatif', 3, 12, '1.00', '2025-06-21 10:36:29'),
(3941, 'inisiatif', 12, 14, '1.00', '2025-06-21 10:36:29'),
(3942, 'inisiatif', 14, 12, '1.00', '2025-06-21 10:36:29'),
(3943, 'inisiatif', 12, 4, '1.00', '2025-06-21 10:36:29'),
(3944, 'inisiatif', 4, 12, '1.00', '2025-06-21 10:36:29'),
(3945, 'inisiatif', 12, 15, '1.00', '2025-06-21 10:36:29'),
(3946, 'inisiatif', 15, 12, '1.00', '2025-06-21 10:36:29'),
(3947, 'inisiatif', 12, 16, '1.00', '2025-06-21 10:36:29'),
(3948, 'inisiatif', 16, 12, '1.00', '2025-06-21 10:36:29'),
(3949, 'inisiatif', 13, 3, '1.00', '2025-06-21 10:36:29'),
(3950, 'inisiatif', 3, 13, '1.00', '2025-06-21 10:36:29'),
(3951, 'inisiatif', 13, 14, '1.00', '2025-06-21 10:36:29'),
(3952, 'inisiatif', 14, 13, '1.00', '2025-06-21 10:36:29'),
(3953, 'inisiatif', 13, 4, '1.00', '2025-06-21 10:36:29'),
(3954, 'inisiatif', 4, 13, '1.00', '2025-06-21 10:36:29'),
(3955, 'inisiatif', 13, 15, '1.00', '2025-06-21 10:36:29'),
(3956, 'inisiatif', 15, 13, '1.00', '2025-06-21 10:36:29'),
(3957, 'inisiatif', 13, 16, '1.00', '2025-06-21 10:36:29'),
(3958, 'inisiatif', 16, 13, '1.00', '2025-06-21 10:36:29'),
(3959, 'inisiatif', 3, 14, '1.00', '2025-06-21 10:36:29'),
(3960, 'inisiatif', 14, 3, '1.00', '2025-06-21 10:36:29'),
(3961, 'inisiatif', 3, 4, '1.00', '2025-06-21 10:36:29'),
(3962, 'inisiatif', 4, 3, '1.00', '2025-06-21 10:36:29'),
(3963, 'inisiatif', 3, 15, '1.00', '2025-06-21 10:36:29'),
(3964, 'inisiatif', 15, 3, '1.00', '2025-06-21 10:36:29'),
(3965, 'inisiatif', 3, 16, '1.00', '2025-06-21 10:36:29'),
(3966, 'inisiatif', 16, 3, '1.00', '2025-06-21 10:36:29'),
(3967, 'inisiatif', 14, 4, '1.00', '2025-06-21 10:36:29'),
(3968, 'inisiatif', 4, 14, '1.00', '2025-06-21 10:36:29'),
(3969, 'inisiatif', 14, 15, '1.00', '2025-06-21 10:36:29'),
(3970, 'inisiatif', 15, 14, '1.00', '2025-06-21 10:36:29'),
(3971, 'inisiatif', 14, 16, '1.00', '2025-06-21 10:36:29'),
(3972, 'inisiatif', 16, 14, '1.00', '2025-06-21 10:36:29'),
(3973, 'inisiatif', 4, 15, '1.00', '2025-06-21 10:36:29'),
(3974, 'inisiatif', 15, 4, '1.00', '2025-06-21 10:36:29'),
(3975, 'inisiatif', 4, 16, '1.00', '2025-06-21 10:36:29'),
(3976, 'inisiatif', 16, 4, '1.00', '2025-06-21 10:36:29'),
(3977, 'inisiatif', 15, 16, '1.00', '2025-06-21 10:36:29'),
(3978, 'inisiatif', 16, 15, '1.00', '2025-06-21 10:36:29');

-- --------------------------------------------------------

--
-- Table structure for table `pairwise_kriteria`
--

CREATE TABLE `pairwise_kriteria` (
  `id` int NOT NULL,
  `kriteria1` varchar(50) NOT NULL,
  `kriteria2` varchar(50) NOT NULL,
  `nilai` decimal(5,2) NOT NULL,
  `created_at` timestamp NULL DEFAULT CURRENT_TIMESTAMP
) ENGINE=InnoDB DEFAULT CHARSET=utf8mb4 COLLATE=utf8mb4_0900_ai_ci;

--
-- Dumping data for table `pairwise_kriteria`
--

INSERT INTO `pairwise_kriteria` (`id`, `kriteria1`, `kriteria2`, `nilai`, `created_at`) VALUES
(1741, 'kehadiran', 'komunikasi', '1.00', '2025-06-21 04:53:21'),
(1742, 'komunikasi', 'kehadiran', '1.00', '2025-06-21 04:53:21'),
(1743, 'kehadiran', 'tanggung_jawab', '3.00', '2025-06-21 04:53:21'),
(1744, 'tanggung_jawab', 'kehadiran', '0.33', '2025-06-21 04:53:21'),
(1745, 'kehadiran', 'kerja_sama', '1.00', '2025-06-21 04:53:21'),
(1746, 'kerja_sama', 'kehadiran', '1.00', '2025-06-21 04:53:21'),
(1747, 'kehadiran', 'prestasi', '1.00', '2025-06-21 04:53:21'),
(1748, 'prestasi', 'kehadiran', '1.00', '2025-06-21 04:53:21'),
(1749, 'kehadiran', 'inisiatif', '3.00', '2025-06-21 04:53:21'),
(1750, 'inisiatif', 'kehadiran', '0.33', '2025-06-21 04:53:21'),
(1751, 'komunikasi', 'tanggung_jawab', '1.00', '2025-06-21 04:53:21'),
(1752, 'tanggung_jawab', 'komunikasi', '1.00', '2025-06-21 04:53:21'),
(1753, 'komunikasi', 'kerja_sama', '2.00', '2025-06-21 04:53:21'),
(1754, 'kerja_sama', 'komunikasi', '0.50', '2025-06-21 04:53:21'),
(1755, 'komunikasi', 'prestasi', '1.00', '2025-06-21 04:53:21'),
(1756, 'prestasi', 'komunikasi', '1.00', '2025-06-21 04:53:21'),
(1757, 'komunikasi', 'inisiatif', '1.00', '2025-06-21 04:53:21'),
(1758, 'inisiatif', 'komunikasi', '1.00', '2025-06-21 04:53:21'),
(1759, 'tanggung_jawab', 'kerja_sama', '3.00', '2025-06-21 04:53:21'),
(1760, 'kerja_sama', 'tanggung_jawab', '0.33', '2025-06-21 04:53:21'),
(1761, 'tanggung_jawab', 'prestasi', '2.00', '2025-06-21 04:53:21'),
(1762, 'prestasi', 'tanggung_jawab', '0.50', '2025-06-21 04:53:21'),
(1763, 'tanggung_jawab', 'inisiatif', '1.00', '2025-06-21 04:53:21'),
(1764, 'inisiatif', 'tanggung_jawab', '1.00', '2025-06-21 04:53:21'),
(1765, 'kerja_sama', 'prestasi', '1.00', '2025-06-21 04:53:21'),
(1766, 'prestasi', 'kerja_sama', '1.00', '2025-06-21 04:53:21'),
(1767, 'kerja_sama', 'inisiatif', '2.00', '2025-06-21 04:53:21'),
(1768, 'inisiatif', 'kerja_sama', '0.50', '2025-06-21 04:53:21'),
(1769, 'prestasi', 'inisiatif', '1.00', '2025-06-21 04:53:21'),
(1770, 'inisiatif', 'prestasi', '1.00', '2025-06-21 04:53:21');

-- --------------------------------------------------------

--
-- Table structure for table `ranking_final`
--

CREATE TABLE `ranking_final` (
  `id` int NOT NULL,
  `id_karyawan` int NOT NULL,
  `total_bobot` decimal(8,6) NOT NULL,
  `ranking` int NOT NULL,
  `created_at` timestamp NULL DEFAULT CURRENT_TIMESTAMP
) ENGINE=InnoDB DEFAULT CHARSET=utf8mb4 COLLATE=utf8mb4_0900_ai_ci;

--
-- Dumping data for table `ranking_final`
--

INSERT INTO `ranking_final` (`id`, `id_karyawan`, `total_bobot`, `ranking`, `created_at`) VALUES
(21, 1, '0.136892', 1, '2025-06-22 13:51:04'),
(22, 2, '0.110560', 2, '2025-06-22 13:51:04'),
(23, 3, '0.045363', 3, '2025-06-22 13:51:04'),
(24, 5, '0.044699', 4, '2025-06-22 13:51:04'),
(25, 17, '0.044699', 5, '2025-06-22 13:51:04'),
(26, 18, '0.044699', 6, '2025-06-22 13:51:04'),
(27, 6, '0.044699', 7, '2025-06-22 13:51:04'),
(28, 19, '0.044699', 8, '2025-06-22 13:51:04'),
(29, 4, '0.043406', 9, '2025-06-22 13:51:04'),
(30, 7, '0.041985', 10, '2025-06-22 13:51:04'),
(31, 20, '0.041604', 11, '2025-06-22 13:51:04'),
(32, 8, '0.041576', 12, '2025-06-22 13:51:04'),
(33, 12, '0.041227', 13, '2025-06-22 13:51:04'),
(34, 13, '0.039996', 14, '2025-06-22 13:51:04'),
(35, 14, '0.039651', 15, '2025-06-22 13:51:04'),
(36, 9, '0.039515', 16, '2025-06-22 13:51:04'),
(37, 11, '0.039329', 17, '2025-06-22 13:51:04'),
(38, 10, '0.039136', 18, '2025-06-22 13:51:04'),
(39, 15, '0.038465', 19, '2025-06-22 13:51:04'),
(40, 16, '0.037800', 20, '2025-06-22 13:51:04');

--
-- Indexes for dumped tables
--

--
-- Indexes for table `bobot_ahp`
--
ALTER TABLE `bobot_ahp`
  ADD PRIMARY KEY (`id`);

--
-- Indexes for table `bobot_alternatif`
--
ALTER TABLE `bobot_alternatif`
  ADD PRIMARY KEY (`id`),
  ADD KEY `id_karyawan` (`id_karyawan`);

--
-- Indexes for table `bobot_kriteria`
--
ALTER TABLE `bobot_kriteria`
  ADD PRIMARY KEY (`id`);

--
-- Indexes for table `karyawan`
--
ALTER TABLE `karyawan`
  ADD PRIMARY KEY (`id`),
  ADD KEY `idx_karyawan_no_urut` (`no_urut`),
  ADD KEY `idx_karyawan_nama` (`nama`);

--
-- Indexes for table `pairwise_alternatif`
--
ALTER TABLE `pairwise_alternatif`
  ADD PRIMARY KEY (`id`),
  ADD KEY `karyawan1` (`karyawan1`),
  ADD KEY `karyawan2` (`karyawan2`);

--
-- Indexes for table `pairwise_kriteria`
--
ALTER TABLE `pairwise_kriteria`
  ADD PRIMARY KEY (`id`);

--
-- Indexes for table `ranking_final`
--
ALTER TABLE `ranking_final`
  ADD PRIMARY KEY (`id`),
  ADD KEY `id_karyawan` (`id_karyawan`);

--
-- AUTO_INCREMENT for dumped tables
--

--
-- AUTO_INCREMENT for table `bobot_ahp`
--
ALTER TABLE `bobot_ahp`
  MODIFY `id` int NOT NULL AUTO_INCREMENT, AUTO_INCREMENT=481;

--
-- AUTO_INCREMENT for table `bobot_alternatif`
--
ALTER TABLE `bobot_alternatif`
  MODIFY `id` int NOT NULL AUTO_INCREMENT, AUTO_INCREMENT=941;

--
-- AUTO_INCREMENT for table `bobot_kriteria`
--
ALTER TABLE `bobot_kriteria`
  MODIFY `id` int NOT NULL AUTO_INCREMENT, AUTO_INCREMENT=7;

--
-- AUTO_INCREMENT for table `karyawan`
--
ALTER TABLE `karyawan`
  MODIFY `id` int NOT NULL AUTO_INCREMENT, AUTO_INCREMENT=21;

--
-- AUTO_INCREMENT for table `pairwise_alternatif`
--
ALTER TABLE `pairwise_alternatif`
  MODIFY `id` int NOT NULL AUTO_INCREMENT, AUTO_INCREMENT=3979;

--
-- AUTO_INCREMENT for table `pairwise_kriteria`
--
ALTER TABLE `pairwise_kriteria`
  MODIFY `id` int NOT NULL AUTO_INCREMENT, AUTO_INCREMENT=1771;

--
-- AUTO_INCREMENT for table `ranking_final`
--
ALTER TABLE `ranking_final`
  MODIFY `id` int NOT NULL AUTO_INCREMENT, AUTO_INCREMENT=41;

--
-- Constraints for dumped tables
--

--
-- Constraints for table `bobot_alternatif`
--
ALTER TABLE `bobot_alternatif`
  ADD CONSTRAINT `bobot_alternatif_ibfk_1` FOREIGN KEY (`id_karyawan`) REFERENCES `karyawan` (`id`) ON DELETE CASCADE;

--
-- Constraints for table `pairwise_alternatif`
--
ALTER TABLE `pairwise_alternatif`
  ADD CONSTRAINT `pairwise_alternatif_ibfk_1` FOREIGN KEY (`karyawan1`) REFERENCES `karyawan` (`id`) ON DELETE CASCADE,
  ADD CONSTRAINT `pairwise_alternatif_ibfk_2` FOREIGN KEY (`karyawan2`) REFERENCES `karyawan` (`id`) ON DELETE CASCADE;

--
-- Constraints for table `ranking_final`
--
ALTER TABLE `ranking_final`
  ADD CONSTRAINT `ranking_final_ibfk_1` FOREIGN KEY (`id_karyawan`) REFERENCES `karyawan` (`id`) ON DELETE CASCADE;
COMMIT;

/*!40101 SET CHARACTER_SET_CLIENT=@OLD_CHARACTER_SET_CLIENT */;
/*!40101 SET CHARACTER_SET_RESULTS=@OLD_CHARACTER_SET_RESULTS */;
/*!40101 SET COLLATION_CONNECTION=@OLD_COLLATION_CONNECTION */;
